DATA;PRECIPITACAO_TOTAL_MM;TEMP_MEDIA_C;TEMP_MAXIMA_C;TEMP_MINIMA_C;UMIDADE_MEDIA;VENTO_VELOCIDADE_MEDIA_MS;CLASSIFICACAO_CHUVA;CLASSIFICACAO_ESTACAO;CLASSIFICACAO_VENTO;CLASSIFICACAO_UMIDADE;DIA_SEMANA;FERIADO
2024-01-01 00:00:00;0;21,99;25,4;18,8;70,5;1,43;SEM_CHUVA;VERAO;BRISA_LEVE;MUITO_ALTA;SEGUNDA-FEIRA;CONFRATERNIZACAO UNIVERSAL
2024-01-02 00:00:00;3,2;22,43;29,5;19,3;76,36;1,4;CHUVA_MEDIA;VERAO;BRISA_LEVE;MUITO_ALTA;TERÇA-FEIRA;
2024-01-03 00:00:00;13;23,34;30,7;20;78,71;1,2;CHUVA_FORTE;VERAO;BRISA_LEVE;MUITO_ALTA;QUARTA-FEIRA;
2024-01-04 00:00:00;0,4;21,74;26;18,8;87,32;2,25;CHUVA_FRACA;VERAO;BRISA_FRACA;MUITO_ALTA;QUINTA-FEIRA;
2024-01-05 00:00:00;0;22,5;28,4;19;78,38;1,61;SEM_CHUVA;VERAO;BRISA_FRACA;MUITO_ALTA;SEXTA-FEIRA;
2024-01-06 00:00:00;0;23,52;28,4;20;71,05;1,04;SEM_CHUVA;VERAO;BRISA_LEVE;MUITO_ALTA;SÁBADO;
2024-01-07 00:00:00;0;24,52;33,2;19,3;68,62;0,94;SEM_CHUVA;VERAO;BRISA_LEVE;ALTA_UMIDADE;DOMINGO;
2024-01-08 00:00:00;3,2;25,08;33,4;20;72,67;0,89;CHUVA_MEDIA;VERAO;BRISA_LEVE;MUITO_ALTA;SEGUNDA-FEIRA;
2024-01-09 00:00:00;0;24,6;33,3;18,5;73,22;0,63;SEM_CHUVA;VERAO;BRISA_LEVE;MUITO_ALTA;TERÇA-FEIRA;
2024-01-10 00:00:00;39,8;25,97;32,9;20,4;67,08;0,78;CHUVA_FORTE;VERAO;BRISA_LEVE;ALTA_UMIDADE;QUARTA-FEIRA;
2024-01-11 00:00:00;6,2;24,85;30,5;21;79,33;1,25;CHUVA_MEDIA;VERAO;BRISA_LEVE;MUITO_ALTA;QUINTA-FEIRA;
2024-01-12 00:00:00;2,6;22,58;27;20,6;91,94;1,78;CHUVA_MEDIA;VERAO;BRISA_FRACA;MUITO_ALTA;SEXTA-FEIRA;
2024-01-13 00:00:00;0;20,35;22;18,7;94,76;2,51;SEM_CHUVA;VERAO;BRISA_FRACA;MUITO_ALTA;SÁBADO;
2024-01-14 00:00:00;0;23,89;31;17,1;75,15;0,78;SEM_CHUVA;VERAO;BRISA_LEVE;MUITO_ALTA;DOMINGO;
2024-01-15 00:00:00;0;25,26;30,6;20,2;76,32;0,95;SEM_CHUVA;VERAO;BRISA_LEVE;MUITO_ALTA;SEGUNDA-FEIRA;
2024-01-16 00:00:00;0;26,95;31,5;21,9;67,7;0,7;SEM_CHUVA;VERAO;BRISA_LEVE;ALTA_UMIDADE;TERÇA-FEIRA;
2024-01-17 00:00:00;0;26,47;31,5;22,5;72,48;0,72;SEM_CHUVA;VERAO;BRISA_LEVE;MUITO_ALTA;QUARTA-FEIRA;
2024-01-18 00:00:00;0;26,09;33,6;21,1;78,19;0,72;SEM_CHUVA;VERAO;BRISA_LEVE;MUITO_ALTA;QUINTA-FEIRA;
2024-01-19 00:00:00;0;24,45;29,8;20,2;79,38;1,51;SEM_CHUVA;VERAO;BRISA_FRACA;MUITO_ALTA;SEXTA-FEIRA;
2024-01-20 00:00:00;0;23,57;27,2;20,3;84,09;1,43;SEM_CHUVA;VERAO;BRISA_LEVE;MUITO_ALTA;SÁBADO;
2024-01-21 00:00:00;0;21,22;27,2;19,7;94,29;1,03;SEM_CHUVA;VERAO;BRISA_LEVE;MUITO_ALTA;DOMINGO;
2024-01-22 00:00:00;0;20,69;25,2;17,9;89,1;1,46;SEM_CHUVA;VERAO;BRISA_LEVE;MUITO_ALTA;SEGUNDA-FEIRA;
2024-01-23 00:00:00;0;18,7;19,8;16,9;91,1;1,38;SEM_CHUVA;VERAO;BRISA_LEVE;MUITO_ALTA;TERÇA-FEIRA;
2024-01-24 00:00:00;0;18,85;23,8;15,6;85,95;1,26;SEM_CHUVA;VERAO;BRISA_LEVE;MUITO_ALTA;QUARTA-FEIRA;
2024-01-25 00:00:00;0;18,01;21,1;16,3;87,68;2,71;SEM_CHUVA;VERAO;BRISA_FRACA;MUITO_ALTA;QUINTA-FEIRA;
2024-01-26 00:00:00;0;17,98;22,2;15,2;85,4;2,06;SEM_CHUVA;VERAO;BRISA_FRACA;MUITO_ALTA;SEXTA-FEIRA;
2024-01-27 00:00:00;0;20,16;25,9;17,1;85,25;0,64;SEM_CHUVA;VERAO;BRISA_LEVE;MUITO_ALTA;SÁBADO;
2024-01-28 00:00:00;0;20,54;24,2;17,3;85,33;0,15;SEM_CHUVA;VERAO;CALMARIA;MUITO_ALTA;DOMINGO;
2024-01-29 00:00:00;0;23,48;28,2;17,2;71,93;0,73;SEM_CHUVA;VERAO;BRISA_LEVE;MUITO_ALTA;SEGUNDA-FEIRA;
2024-01-30 00:00:00;0;24,32;31,4;17,8;68;0,61;SEM_CHUVA;VERAO;BRISA_LEVE;ALTA_UMIDADE;TERÇA-FEIRA;
2024-01-31 00:00:00;0;23,28;29,4;18,2;75,48;0,34;SEM_CHUVA;VERAO;BRISA_LEVE;MUITO_ALTA;QUARTA-FEIRA;
2024-02-01 00:00:00;0;20,38;26,4;16,5;86,2;0,5;SEM_CHUVA;VERAO;BRISA_LEVE;MUITO_ALTA;QUINTA-FEIRA;
2024-02-02 00:00:00;0;19,95;23,1;18,1;92;0,72;SEM_CHUVA;VERAO;BRISA_LEVE;MUITO_ALTA;SEXTA-FEIRA;
2024-02-03 00:00:00;0;22,2;26,3;17,9;82,67;0,05;SEM_CHUVA;VERAO;CALMARIA;MUITO_ALTA;SÁBADO;
2024-02-04 00:00:00;0;22,6;29,4;19,1;81,86;0,38;SEM_CHUVA;VERAO;BRISA_LEVE;MUITO_ALTA;DOMINGO;
2024-02-05 00:00:00;0;22,9;30,3;16,5;71,91;0,35;SEM_CHUVA;VERAO;BRISA_LEVE;MUITO_ALTA;SEGUNDA-FEIRA;
2024-02-06 00:00:00;0;23,13;28,5;17,7;76,36;0,35;SEM_CHUVA;VERAO;BRISA_LEVE;MUITO_ALTA;TERÇA-FEIRA;
2024-02-07 00:00:00;0;24,21;30,8;18,5;76,24;0,35;SEM_CHUVA;VERAO;BRISA_LEVE;MUITO_ALTA;QUARTA-FEIRA;
2024-02-08 00:00:00;0;24,76;32,1;18,6;72,5;0,26;SEM_CHUVA;VERAO;BRISA_LEVE;MUITO_ALTA;QUINTA-FEIRA;
2024-02-09 00:00:00;0;25,1;32,3;19,3;70,39;0,49;SEM_CHUVA;VERAO;BRISA_LEVE;MUITO_ALTA;SEXTA-FEIRA;
2024-02-10 00:00:00;0;25,52;31,1;21,4;68,78;0,5;SEM_CHUVA;VERAO;BRISA_LEVE;ALTA_UMIDADE;SÁBADO;
2024-02-11 00:00:00;0;25,14;32,3;19,1;71,7;0,22;SEM_CHUVA;VERAO;BRISA_LEVE;MUITO_ALTA;DOMINGO;
2024-02-12 00:00:00;0;25,19;30,4;19,8;75;0,37;SEM_CHUVA;VERAO;BRISA_LEVE;MUITO_ALTA;SEGUNDA-FEIRA;
2024-02-13 00:00:00;0;26,89;32;21,3;63,16;0,74;SEM_CHUVA;VERAO;BRISA_LEVE;ALTA_UMIDADE;TERÇA-FEIRA;
2024-02-14 00:00:00;0;21,95;27;20;93,6;0,67;SEM_CHUVA;VERAO;BRISA_LEVE;MUITO_ALTA;QUARTA-FEIRA;
2024-02-15 00:00:00;0;19,68;20,5;18;98,94;1,96;SEM_CHUVA;VERAO;BRISA_FRACA;MUITO_ALTA;QUINTA-FEIRA;
2024-02-16 00:00:00;0;20,83;26;17,7;87,05;0,64;SEM_CHUVA;VERAO;BRISA_LEVE;MUITO_ALTA;SEXTA-FEIRA;
2024-02-17 00:00:00;0;22,5;27,8;19,2;77,52;0,71;SEM_CHUVA;VERAO;BRISA_LEVE;MUITO_ALTA;SÁBADO;
2024-02-18 00:00:00;0;21,23;27,8;18,8;87,3;0,43;SEM_CHUVA;VERAO;BRISA_LEVE;MUITO_ALTA;DOMINGO;
2024-02-19 00:00:00;0;22,72;29,2;18,2;81,78;0,59;SEM_CHUVA;VERAO;BRISA_LEVE;MUITO_ALTA;SEGUNDA-FEIRA;VESPERA DE CARNAVAL
2024-02-20 00:00:00;0;22,04;25,2;19,4;86,31;0,71;SEM_CHUVA;VERAO;BRISA_LEVE;MUITO_ALTA;TERÇA-FEIRA;CARNAVAL
2024-02-21 00:00:00;0;20,73;27,1;18,7;92,86;0,43;SEM_CHUVA;VERAO;BRISA_LEVE;MUITO_ALTA;QUARTA-FEIRA;CARNAVAL
2024-02-22 00:00:00;0;23,62;30;19,4;82,91;0,41;SEM_CHUVA;VERAO;BRISA_LEVE;MUITO_ALTA;QUINTA-FEIRA;
2024-02-23 00:00:00;0;26,11;31,3;21,4;72,89;0,36;SEM_CHUVA;VERAO;BRISA_LEVE;MUITO_ALTA;SEXTA-FEIRA;
2024-02-24 00:00:00;0;23,04;28,6;20,5;91,11;0,38;SEM_CHUVA;VERAO;BRISA_LEVE;MUITO_ALTA;SÁBADO;
2024-02-25 00:00:00;0;23,97;28,9;20,3;85,74;0,69;SEM_CHUVA;VERAO;BRISA_LEVE;MUITO_ALTA;DOMINGO;
2024-02-26 00:00:00;0;24,26;27,5;21,4;80;0,68;SEM_CHUVA;VERAO;BRISA_LEVE;MUITO_ALTA;SEGUNDA-FEIRA;
2024-02-27 00:00:00;0;26,08;30,9;21,6;74,75;0,64;SEM_CHUVA;VERAO;BRISA_LEVE;MUITO_ALTA;TERÇA-FEIRA;
2024-02-28 00:00:00;0;25,54;31;21,4;78,62;0,61;SEM_CHUVA;VERAO;BRISA_LEVE;MUITO_ALTA;QUARTA-FEIRA;
2024-02-29 00:00:00;0;24,75;31;21,3;82,22;0,51;SEM_CHUVA;VERAO;BRISA_LEVE;MUITO_ALTA;QUINTA-FEIRA;
2024-03-01 00:00:00;0;23,76;28,3;20,8;82;1,45;SEM_CHUVA;VERAO;BRISA_LEVE;MUITO_ALTA;SEXTA-FEIRA;
2024-03-02 00:00:00;0;23,06;27,9;19,7;72,27;0,83;SEM_CHUVA;VERAO;BRISA_LEVE;MUITO_ALTA;SÁBADO;
2024-03-03 00:00:00;0;24,35;31,3;19,6;72,04;0,7;SEM_CHUVA;VERAO;BRISA_LEVE;MUITO_ALTA;DOMINGO;
2024-03-04 00:00:00;0;25,11;32;18,5;75,3;0,38;SEM_CHUVA;VERAO;BRISA_LEVE;MUITO_ALTA;SEGUNDA-FEIRA;
2024-03-05 00:00:00;0;24,24;30,1;19,8;83,83;1,15;SEM_CHUVA;VERAO;BRISA_LEVE;MUITO_ALTA;TERÇA-FEIRA;
2024-03-06 00:00:00;0;22,87;26,4;19,9;87,67;1,06;SEM_CHUVA;VERAO;BRISA_LEVE;MUITO_ALTA;QUARTA-FEIRA;
2024-03-07 00:00:00;0;23,43;28,1;20,8;80,43;0,54;SEM_CHUVA;VERAO;BRISA_LEVE;MUITO_ALTA;QUINTA-FEIRA;
2024-03-08 00:00:00;0;24,28;29,5;21,6;80,13;0,02;SEM_CHUVA;VERAO;CALMARIA;MUITO_ALTA;SEXTA-FEIRA;
2024-03-09 00:00:00;0;24,49;29,2;20,9;86,82;0,35;SEM_CHUVA;VERAO;BRISA_LEVE;MUITO_ALTA;SÁBADO;
2024-03-10 00:00:00;0;23,34;28,8;21,1;92,12;0,22;SEM_CHUVA;VERAO;BRISA_LEVE;MUITO_ALTA;DOMINGO;
2024-03-11 00:00:00;0;22,6;27,8;19,1;79,2;0,44;SEM_CHUVA;VERAO;BRISA_LEVE;MUITO_ALTA;SEGUNDA-FEIRA;
2024-03-12 00:00:00;0;22,42;28,8;16,9;75,79;0,65;SEM_CHUVA;VERAO;BRISA_LEVE;MUITO_ALTA;TERÇA-FEIRA;
2024-03-13 00:00:00;0;24,44;31,9;20,3;76,05;0,4;SEM_CHUVA;VERAO;BRISA_LEVE;MUITO_ALTA;QUARTA-FEIRA;
2024-03-14 00:00:00;0;25,22;32,1;19,8;78,92;0,18;SEM_CHUVA;VERAO;CALMARIA;MUITO_ALTA;QUINTA-FEIRA;
2024-03-15 00:00:00;0;27,72;33,1;20,9;66,55;0,38;SEM_CHUVA;VERAO;BRISA_LEVE;ALTA_UMIDADE;SEXTA-FEIRA;
2024-03-16 00:00:00;0;27;32,9;21,7;71,61;0,15;SEM_CHUVA;VERAO;CALMARIA;MUITO_ALTA;SÁBADO;
2024-03-17 00:00:00;0;26,92;32,8;22,3;72,67;0,46;SEM_CHUVA;VERAO;BRISA_LEVE;MUITO_ALTA;DOMINGO;
2024-03-18 00:00:00;0;25,41;30,7;21,5;78,59;0,32;SEM_CHUVA;VERAO;BRISA_LEVE;MUITO_ALTA;SEGUNDA-FEIRA;
2024-03-19 00:00:00;0;24,74;30,7;21,3;87,67;0,08;SEM_CHUVA;VERAO;CALMARIA;MUITO_ALTA;TERÇA-FEIRA;
2024-03-20 00:00:00;0;25,52;31,2;21,2;80,76;0,2;SEM_CHUVA;VERAO;CALMARIA;MUITO_ALTA;QUARTA-FEIRA;
2024-03-21 00:00:00;0;26,28;31,8;22,2;74,87;0,51;SEM_CHUVA;OUTONO;BRISA_LEVE;MUITO_ALTA;QUINTA-FEIRA;
2024-03-22 00:00:00;0;20,53;22,5;17,5;96,68;1,91;SEM_CHUVA;OUTONO;BRISA_FRACA;MUITO_ALTA;SEXTA-FEIRA;
2024-03-23 00:00:00;0;17,84;18,8;17;90,95;1,35;SEM_CHUVA;OUTONO;BRISA_LEVE;MUITO_ALTA;SÁBADO;
2024-03-24 00:00:00;0;19,02;22,4;16,6;90,71;0,61;SEM_CHUVA;OUTONO;BRISA_LEVE;MUITO_ALTA;DOMINGO;
2024-03-25 00:00:00;0;22,32;27,4;18,2;79,39;0,58;SEM_CHUVA;OUTONO;BRISA_LEVE;MUITO_ALTA;SEGUNDA-FEIRA;
2024-03-26 00:00:00;0;20,48;24,5;17;83,95;0,8;SEM_CHUVA;OUTONO;BRISA_LEVE;MUITO_ALTA;TERÇA-FEIRA;
2024-03-27 00:00:00;0;19,29;21,1;18,2;87,87;0,43;SEM_CHUVA;OUTONO;BRISA_LEVE;MUITO_ALTA;QUARTA-FEIRA;
2024-03-28 00:00:00;0;19,47;21,8;18,1;95,14;0,33;SEM_CHUVA;OUTONO;BRISA_LEVE;MUITO_ALTA;QUINTA-FEIRA;
2024-03-29 00:00:00;0;21,3;24,8;18,7;89,2;0,38;SEM_CHUVA;OUTONO;BRISA_LEVE;MUITO_ALTA;SEXTA-FEIRA;PAIXAO DE CRISTO
2024-03-30 00:00:00;0;22,73;26,8;18,5;80,83;0,62;SEM_CHUVA;OUTONO;BRISA_LEVE;MUITO_ALTA;SÁBADO;
2024-03-31 00:00:00;0;22,33;29,8;15,9;73,81;0,36;SEM_CHUVA;OUTONO;BRISA_LEVE;MUITO_ALTA;DOMINGO;
2024-04-01 00:00:00;0;22;29,5;16,3;72,64;0,31;SEM_CHUVA;OUTONO;BRISA_LEVE;MUITO_ALTA;SEGUNDA-FEIRA;
2024-04-02 00:00:00;0;22,55;28,7;18,5;75,26;0,07;SEM_CHUVA;OUTONO;CALMARIA;MUITO_ALTA;TERÇA-FEIRA;
2024-04-03 00:00:00;0;22,68;29,3;17,5;77,87;0,27;SEM_CHUVA;OUTONO;BRISA_LEVE;MUITO_ALTA;QUARTA-FEIRA;
2024-04-04 00:00:00;0;24,38;31,3;18,4;76,21;0,21;SEM_CHUVA;OUTONO;BRISA_LEVE;MUITO_ALTA;QUINTA-FEIRA;
2024-04-05 00:00:00;0;24,46;31,5;18,2;71,94;0,28;SEM_CHUVA;OUTONO;BRISA_LEVE;MUITO_ALTA;SEXTA-FEIRA;
2024-04-06 00:00:00;0;21,07;24,6;18,2;85,58;2,06;SEM_CHUVA;OUTONO;BRISA_FRACA;MUITO_ALTA;SÁBADO;
2024-04-07 00:00:00;0;21,79;27,5;18,6;81,61;0,97;SEM_CHUVA;OUTONO;BRISA_LEVE;MUITO_ALTA;DOMINGO;
2024-04-08 00:00:00;0;21,72;26,8;18,4;83,95;0,18;SEM_CHUVA;OUTONO;CALMARIA;MUITO_ALTA;SEGUNDA-FEIRA;
2024-04-09 00:00:00;0;22,49;28,5;18,2;83,65;0,39;SEM_CHUVA;OUTONO;BRISA_LEVE;MUITO_ALTA;TERÇA-FEIRA;
2024-04-10 00:00:00;0;23,04;29,8;18,3;82,21;0,44;SEM_CHUVA;OUTONO;BRISA_LEVE;MUITO_ALTA;QUARTA-FEIRA;
2024-04-11 00:00:00;0;21,28;27,5;18,9;89,06;0,96;SEM_CHUVA;OUTONO;BRISA_LEVE;MUITO_ALTA;QUINTA-FEIRA;
2024-04-12 00:00:00;0;23,27;27,5;19,8;75,72;1,19;SEM_CHUVA;OUTONO;BRISA_LEVE;MUITO_ALTA;SEXTA-FEIRA;
2024-04-13 00:00:00;0;23,78;28,5;20,3;73;0,52;SEM_CHUVA;OUTONO;BRISA_LEVE;MUITO_ALTA;SÁBADO;
2024-04-14 00:00:00;0;22,58;26,3;20,3;82,65;0,26;SEM_CHUVA;OUTONO;BRISA_LEVE;MUITO_ALTA;DOMINGO;
2024-04-15 00:00:00;0;23,46;28,3;20,6;79,85;0,3;SEM_CHUVA;OUTONO;BRISA_LEVE;MUITO_ALTA;SEGUNDA-FEIRA;
2024-04-16 00:00:00;0;24,4;30,2;20,3;75,61;0,33;SEM_CHUVA;OUTONO;BRISA_LEVE;MUITO_ALTA;TERÇA-FEIRA;
2024-04-17 00:00:00;0;23,6;27,5;20,7;84,82;0,54;SEM_CHUVA;OUTONO;BRISA_LEVE;MUITO_ALTA;QUARTA-FEIRA;
2024-04-18 00:00:00;0;18,37;21,1;16,4;89,25;1,44;SEM_CHUVA;OUTONO;BRISA_LEVE;MUITO_ALTA;QUINTA-FEIRA;
2024-04-19 00:00:00;0;17,55;22,8;13,9;74,21;1,22;SEM_CHUVA;OUTONO;BRISA_LEVE;MUITO_ALTA;SEXTA-FEIRA;
2024-04-20 00:00:00;0;19,9;26,4;16,2;73,57;0,78;SEM_CHUVA;OUTONO;BRISA_LEVE;MUITO_ALTA;SÁBADO;
2024-04-21 00:00:00;0;20,37;27,8;14,6;75,9;0,26;SEM_CHUVA;OUTONO;BRISA_LEVE;MUITO_ALTA;DOMINGO;TIRADENTES
2024-04-22 00:00:00;0;20,76;27,7;14,9;73,91;0,4;SEM_CHUVA;OUTONO;BRISA_LEVE;MUITO_ALTA;SEGUNDA-FEIRA;
2024-04-23 00:00:00;0;21,64;30,1;15,7;69;0,26;SEM_CHUVA;OUTONO;BRISA_LEVE;ALTA_UMIDADE;TERÇA-FEIRA;
2024-04-24 00:00:00;0;22,57;29,3;15,5;69,95;0,4;SEM_CHUVA;OUTONO;BRISA_LEVE;ALTA_UMIDADE;QUARTA-FEIRA;
2024-04-25 00:00:00;0;22,13;26,9;19,7;80,73;0,72;SEM_CHUVA;OUTONO;BRISA_LEVE;MUITO_ALTA;QUINTA-FEIRA;
2024-04-26 00:00:00;0;23,52;28,3;20,1;77,44;0,47;SEM_CHUVA;OUTONO;BRISA_LEVE;MUITO_ALTA;SEXTA-FEIRA;
2024-04-27 00:00:00;0;24,7;30,4;18,7;71;0,36;SEM_CHUVA;OUTONO;BRISA_LEVE;MUITO_ALTA;SÁBADO;
2024-04-28 00:00:00;0;24,85;30,5;19,5;67,58;0,64;SEM_CHUVA;OUTONO;BRISA_LEVE;ALTA_UMIDADE;DOMINGO;
2024-04-29 00:00:00;0;25,22;30,9;19,4;70,35;0,34;SEM_CHUVA;OUTONO;BRISA_LEVE;MUITO_ALTA;SEGUNDA-FEIRA;
2024-04-30 00:00:00;0;24,92;29,9;19;63,9;0,53;SEM_CHUVA;OUTONO;BRISA_LEVE;ALTA_UMIDADE;TERÇA-FEIRA;
2024-05-01 00:00:00;0;23,94;30,9;16,9;64,26;0,48;SEM_CHUVA;OUTONO;BRISA_LEVE;ALTA_UMIDADE;QUARTA-FEIRA;DIA DO TRABALHO
2024-05-02 00:00:00;0;24,12;30,8;17,2;62,71;0,66;SEM_CHUVA;OUTONO;BRISA_LEVE;ALTA_UMIDADE;QUINTA-FEIRA;
2024-05-03 00:00:00;0;23,63;30,6;17,1;69,9;0,34;SEM_CHUVA;OUTONO;BRISA_LEVE;ALTA_UMIDADE;SEXTA-FEIRA;
2024-05-04 00:00:00;0;23,52;31,6;16,9;67,33;0,44;SEM_CHUVA;OUTONO;BRISA_LEVE;ALTA_UMIDADE;SÁBADO;
2024-05-05 00:00:00;0;24,67;31,2;16,8;58,39;0,2;SEM_CHUVA;OUTONO;CALMARIA;CONFORTAVEL;DOMINGO;
2024-05-06 00:00:00;0;22,73;29,7;15,1;67,73;0,12;SEM_CHUVA;OUTONO;CALMARIA;ALTA_UMIDADE;SEGUNDA-FEIRA;
2024-05-07 00:00:00;0;22,88;30,8;16,1;67,05;0,08;SEM_CHUVA;OUTONO;CALMARIA;ALTA_UMIDADE;TERÇA-FEIRA;
2024-05-08 00:00:00;0;24,76;29,4;21,1;60,83;0,59;SEM_CHUVA;OUTONO;BRISA_LEVE;ALTA_UMIDADE;QUARTA-FEIRA;
2024-05-09 00:00:00;0;22,85;28,6;18,3;69;0,4;SEM_CHUVA;OUTONO;BRISA_LEVE;ALTA_UMIDADE;QUINTA-FEIRA;
2024-05-10 00:00:00;0;23,62;28,6;19,4;70,71;0,49;SEM_CHUVA;OUTONO;BRISA_LEVE;MUITO_ALTA;SEXTA-FEIRA;
2024-05-11 00:00:00;0;22,58;28,6;16,9;71,53;0,43;SEM_CHUVA;OUTONO;BRISA_LEVE;MUITO_ALTA;SÁBADO;
2024-05-12 00:00:00;0;22,87;29,6;15,8;61,05;0,59;SEM_CHUVA;OUTONO;BRISA_LEVE;ALTA_UMIDADE;DOMINGO;
2024-05-13 00:00:00;0;24,41;29,8;19,4;49,41;0,71;SEM_CHUVA;OUTONO;BRISA_LEVE;CONFORTAVEL;SEGUNDA-FEIRA;
2024-05-14 00:00:00;0;18,94;20,5;17,7;88,76;0,74;SEM_CHUVA;OUTONO;BRISA_LEVE;MUITO_ALTA;TERÇA-FEIRA;
2024-05-15 00:00:00;0;17,13;18,4;16,2;88,88;0,82;SEM_CHUVA;OUTONO;BRISA_LEVE;MUITO_ALTA;QUARTA-FEIRA;
2024-05-16 00:00:00;0;21,08;29;16;75,22;0,3;SEM_CHUVA;OUTONO;BRISA_LEVE;MUITO_ALTA;QUINTA-FEIRA;
2024-05-17 00:00:00;0;24,5;30,4;18,7;60,36;0,51;SEM_CHUVA;OUTONO;BRISA_LEVE;ALTA_UMIDADE;SEXTA-FEIRA;
2024-05-18 00:00:00;0;22,38;29,4;15,8;68,6;0,64;SEM_CHUVA;OUTONO;BRISA_LEVE;ALTA_UMIDADE;SÁBADO;
2024-05-19 00:00:00;0;21,01;25,2;18,6;81,06;0,45;SEM_CHUVA;OUTONO;BRISA_LEVE;MUITO_ALTA;DOMINGO;
2024-05-20 00:00:00;0;21,28;28,2;17,7;83,21;0,49;SEM_CHUVA;OUTONO;BRISA_LEVE;MUITO_ALTA;SEGUNDA-FEIRA;
2024-05-21 00:00:00;0;19,68;25,5;17,2;81,55;0,3;SEM_CHUVA;OUTONO;BRISA_LEVE;MUITO_ALTA;TERÇA-FEIRA;
2024-05-22 00:00:00;0;21,01;28,7;16,3;78,79;0,25;SEM_CHUVA;OUTONO;BRISA_LEVE;MUITO_ALTA;QUARTA-FEIRA;
2024-05-23 00:00:00;0;22,44;27,8;16,7;62;0,97;SEM_CHUVA;OUTONO;BRISA_LEVE;ALTA_UMIDADE;QUINTA-FEIRA;
2024-05-24 00:00:00;0;18,59;24,9;14,7;77,18;0,65;SEM_CHUVA;OUTONO;BRISA_LEVE;MUITO_ALTA;SEXTA-FEIRA;
2024-05-25 00:00:00;0;15,87;18;14,9;93,95;0,55;SEM_CHUVA;OUTONO;BRISA_LEVE;MUITO_ALTA;SÁBADO;
2024-05-26 00:00:00;0;14,58;15,7;13,6;95,45;0,6;SEM_CHUVA;OUTONO;BRISA_LEVE;MUITO_ALTA;DOMINGO;
2024-05-27 00:00:00;0;16,09;19,2;14,7;97,28;0,14;SEM_CHUVA;OUTONO;CALMARIA;MUITO_ALTA;SEGUNDA-FEIRA;
2024-05-28 00:00:00;0;17,62;19,9;15,4;91;1,19;SEM_CHUVA;OUTONO;BRISA_LEVE;MUITO_ALTA;TERÇA-FEIRA;
2024-05-29 00:00:00;0;12,14;18,3;8,1;87,26;0,73;SEM_CHUVA;OUTONO;BRISA_LEVE;MUITO_ALTA;QUARTA-FEIRA;
2024-05-30 00:00:00;0;12,59;19,2;8,7;85,48;0,59;SEM_CHUVA;OUTONO;BRISA_LEVE;MUITO_ALTA;QUINTA-FEIRA;
2024-05-31 00:00:00;0;14,4;20,5;10,2;83,04;1,08;SEM_CHUVA;OUTONO;BRISA_LEVE;MUITO_ALTA;SEXTA-FEIRA;
2024-06-01 00:00:00;0;17,49;24;13,4;69,64;0,95;SEM_CHUVA;OUTONO;BRISA_LEVE;ALTA_UMIDADE;SÁBADO;
2024-06-02 00:00:00;0;16,15;24,9;9,9;80,41;0,08;SEM_CHUVA;OUTONO;CALMARIA;MUITO_ALTA;DOMINGO;
2024-06-03 00:00:00;0;17,04;24,9;12,4;81,86;0,26;SEM_CHUVA;OUTONO;BRISA_LEVE;MUITO_ALTA;SEGUNDA-FEIRA;
2024-06-04 00:00:00;0;16,87;19,7;15,7;89;1,51;SEM_CHUVA;OUTONO;BRISA_FRACA;MUITO_ALTA;TERÇA-FEIRA;
2024-06-05 00:00:00;0;17,9;23,6;15,3;80,64;0,25;SEM_CHUVA;OUTONO;BRISA_LEVE;MUITO_ALTA;QUARTA-FEIRA;
2024-06-06 00:00:00;0;16,75;25,4;11,7;82,95;0;SEM_CHUVA;OUTONO;CALMARIA;MUITO_ALTA;QUINTA-FEIRA;
2024-06-07 00:00:00;0;17,93;26,6;11,6;75,73;0;SEM_CHUVA;OUTONO;CALMARIA;MUITO_ALTA;SEXTA-FEIRA;
2024-06-08 00:00:00;0;17,42;26,3;11,9;78,7;0;SEM_CHUVA;OUTONO;CALMARIA;MUITO_ALTA;SÁBADO;
2024-06-09 00:00:00;0;18,97;26,9;12,8;76,95;0,13;SEM_CHUVA;OUTONO;CALMARIA;MUITO_ALTA;DOMINGO;
2024-06-10 00:00:00;0;20,99;27,1;16,9;62,74;0,61;SEM_CHUVA;OUTONO;BRISA_LEVE;ALTA_UMIDADE;SEGUNDA-FEIRA;
2024-06-11 00:00:00;0;18,39;27,1;11,9;77,38;0,06;SEM_CHUVA;OUTONO;CALMARIA;MUITO_ALTA;TERÇA-FEIRA;
2024-06-12 00:00:00;0;18,01;26,9;12,5;79,21;0,04;SEM_CHUVA;OUTONO;CALMARIA;MUITO_ALTA;QUARTA-FEIRA;
2024-06-13 00:00:00;0;17,67;26,3;11,7;75,79;0,32;SEM_CHUVA;OUTONO;BRISA_LEVE;MUITO_ALTA;QUINTA-FEIRA;
2024-06-14 00:00:00;0;19,76;26,7;14,8;55,95;0,81;SEM_CHUVA;OUTONO;BRISA_LEVE;CONFORTAVEL;SEXTA-FEIRA;
2024-06-15 00:00:00;0;19,83;27,6;12,9;66,95;0,52;SEM_CHUVA;OUTONO;BRISA_LEVE;ALTA_UMIDADE;SÁBADO;
2024-06-16 00:00:00;0;18,94;27,4;12,4;73,43;0,12;SEM_CHUVA;OUTONO;CALMARIA;MUITO_ALTA;DOMINGO;
2024-06-17 00:00:00;0;21,27;26,8;16,1;57,16;1,06;SEM_CHUVA;OUTONO;BRISA_LEVE;CONFORTAVEL;SEGUNDA-FEIRA;
2024-06-18 00:00:00;0;19,97;26,1;15,9;54,88;0,5;SEM_CHUVA;OUTONO;BRISA_LEVE;CONFORTAVEL;TERÇA-FEIRA;
2024-06-19 00:00:00;0;18,5;26,7;12,4;63,57;0,34;SEM_CHUVA;OUTONO;BRISA_LEVE;ALTA_UMIDADE;QUARTA-FEIRA;
2024-06-20 00:00:00;0;17,27;26,8;10;68,91;0;SEM_CHUVA;OUTONO;CALMARIA;ALTA_UMIDADE;QUINTA-FEIRA;
2024-06-21 00:00:00;0;17,63;25,5;10,8;70,9;0,22;SEM_CHUVA;INVERNO;BRISA_LEVE;MUITO_ALTA;SEXTA-FEIRA;
2024-06-22 00:00:00;0;18,02;27,2;11,5;72,52;0,34;SEM_CHUVA;INVERNO;BRISA_LEVE;MUITO_ALTA;SÁBADO;
2024-06-23 00:00:00;0;20,13;27,3;12,8;64,05;0,38;SEM_CHUVA;INVERNO;BRISA_LEVE;ALTA_UMIDADE;DOMINGO;
2024-06-24 00:00:00;0;21,74;28,1;14,2;58,75;0,71;SEM_CHUVA;INVERNO;BRISA_LEVE;CONFORTAVEL;SEGUNDA-FEIRA;
2024-06-25 00:00:00;0;18,28;19,8;16,8;86,81;1,09;SEM_CHUVA;INVERNO;BRISA_LEVE;MUITO_ALTA;TERÇA-FEIRA;
2024-06-26 00:00:00;0;20,86;28,2;15,4;70,41;0,74;SEM_CHUVA;INVERNO;BRISA_LEVE;MUITO_ALTA;QUARTA-FEIRA;
2024-06-27 00:00:00;0;19,91;24,6;16,1;76,22;0,31;SEM_CHUVA;INVERNO;BRISA_LEVE;MUITO_ALTA;QUINTA-FEIRA;
2024-06-28 00:00:00;0;18,34;24,5;13,8;79,71;0,42;SEM_CHUVA;INVERNO;BRISA_LEVE;MUITO_ALTA;SEXTA-FEIRA;
2024-06-29 00:00:00;0;18,8;24,9;14;74,71;0,3;SEM_CHUVA;INVERNO;BRISA_LEVE;MUITO_ALTA;SÁBADO;
2024-06-30 00:00:00;0;13,75;15,4;12;89,96;0,77;SEM_CHUVA;INVERNO;BRISA_LEVE;MUITO_ALTA;DOMINGO;
2024-07-01 00:00:00;0;13,78;17,8;12,1;83,91;0,07;SEM_CHUVA;INVERNO;CALMARIA;MUITO_ALTA;SEGUNDA-FEIRA;
2024-07-02 00:00:00;0;15,79;24,9;10,8;79,24;0,07;SEM_CHUVA;INVERNO;CALMARIA;MUITO_ALTA;TERÇA-FEIRA;
2024-07-03 00:00:00;0;16,16;26,6;9,9;74,67;0,22;SEM_CHUVA;INVERNO;BRISA_LEVE;MUITO_ALTA;QUARTA-FEIRA;
2024-07-04 00:00:00;0;18,97;25,3;14,8;67,74;0,02;SEM_CHUVA;INVERNO;CALMARIA;ALTA_UMIDADE;QUINTA-FEIRA;
2024-07-05 00:00:00;0;18,4;27,2;11,4;66,74;0,13;SEM_CHUVA;INVERNO;CALMARIA;ALTA_UMIDADE;SEXTA-FEIRA;
2024-07-06 00:00:00;0;16,84;20,1;14,5;79;1,2;SEM_CHUVA;INVERNO;BRISA_LEVE;MUITO_ALTA;SÁBADO;
2024-07-07 00:00:00;0;18,02;26,7;12,6;76,47;0,39;SEM_CHUVA;INVERNO;BRISA_LEVE;MUITO_ALTA;DOMINGO;
2024-07-08 00:00:00;0;14,39;17,8;13,2;89,32;0,99;SEM_CHUVA;INVERNO;BRISA_LEVE;MUITO_ALTA;SEGUNDA-FEIRA;
2024-07-09 00:00:00;0;12,56;13,7;11,8;99,96;0,3;SEM_CHUVA;INVERNO;BRISA_LEVE;MUITO_ALTA;TERÇA-FEIRA;
2024-07-10 00:00:00;0;16,13;21,4;14;94,47;0,2;SEM_CHUVA;INVERNO;CALMARIA;MUITO_ALTA;QUARTA-FEIRA;
2024-07-11 00:00:00;0;17,81;23,5;14,9;91,32;0;SEM_CHUVA;INVERNO;CALMARIA;MUITO_ALTA;QUINTA-FEIRA;
2024-07-12 00:00:00;0;16,74;22,6;14,5;91,15;0,82;SEM_CHUVA;INVERNO;BRISA_LEVE;MUITO_ALTA;SEXTA-FEIRA;
2024-07-13 00:00:00;0;14,31;17,1;12,9;90,2;0,76;SEM_CHUVA;INVERNO;BRISA_LEVE;MUITO_ALTA;SÁBADO;
2024-07-14 00:00:00;0;16,6;24,8;12,7;83,89;0,47;SEM_CHUVA;INVERNO;BRISA_LEVE;MUITO_ALTA;DOMINGO;
2024-07-15 00:00:00;0;15,23;21,9;11,8;89,09;0,55;SEM_CHUVA;INVERNO;BRISA_LEVE;MUITO_ALTA;SEGUNDA-FEIRA;
2024-07-16 00:00:00;0;16,1;23,6;13,1;86;0,12;SEM_CHUVA;INVERNO;CALMARIA;MUITO_ALTA;TERÇA-FEIRA;
2024-07-17 00:00:00;0;17,56;24,9;13,2;79;0,06;SEM_CHUVA;INVERNO;CALMARIA;MUITO_ALTA;QUARTA-FEIRA;
2024-07-18 00:00:00;0;15,92;25,7;10,8;83;0,25;SEM_CHUVA;INVERNO;BRISA_LEVE;MUITO_ALTA;QUINTA-FEIRA;
2024-07-19 00:00:00;0;14,88;22,9;10,8;83,89;0,02;SEM_CHUVA;INVERNO;CALMARIA;MUITO_ALTA;SEXTA-FEIRA;
2024-07-20 00:00:00;0;14,91;24;12,1;84,74;0,22;SEM_CHUVA;INVERNO;BRISA_LEVE;MUITO_ALTA;SÁBADO;
2024-07-21 00:00:00;0;16,09;24,3;12,4;77,63;0,63;SEM_CHUVA;INVERNO;BRISA_LEVE;MUITO_ALTA;DOMINGO;
2024-07-22 00:00:00;0;17,09;25,6;11,2;77,19;0,25;SEM_CHUVA;INVERNO;BRISA_LEVE;MUITO_ALTA;SEGUNDA-FEIRA;
2024-07-23 00:00:00;0;15,86;25,8;8,3;71,09;0,37;SEM_CHUVA;INVERNO;BRISA_LEVE;MUITO_ALTA;TERÇA-FEIRA;
2024-07-24 00:00:00;0;16,98;25,8;9,9;60,83;0,43;SEM_CHUVA;INVERNO;BRISA_LEVE;ALTA_UMIDADE;QUARTA-FEIRA;
2024-07-25 00:00:00;0;16,74;25,1;9,6;68,12;0,67;SEM_CHUVA;INVERNO;BRISA_LEVE;ALTA_UMIDADE;QUINTA-FEIRA;
2024-07-26 00:00:00;0;17,43;25,9;9,9;66,04;0,28;SEM_CHUVA;INVERNO;BRISA_LEVE;ALTA_UMIDADE;SEXTA-FEIRA;
2024-07-27 00:00:00;0;17,92;25,5;11,5;68,04;0,45;SEM_CHUVA;INVERNO;BRISA_LEVE;ALTA_UMIDADE;SÁBADO;
2024-07-28 00:00:00;0;18,91;27,9;12;68,54;0,75;SEM_CHUVA;INVERNO;BRISA_LEVE;ALTA_UMIDADE;DOMINGO;
2024-07-29 00:00:00;0;17,6;24;13;75,17;1,07;SEM_CHUVA;INVERNO;BRISA_LEVE;MUITO_ALTA;SEGUNDA-FEIRA;
2024-07-30 00:00:00;0;14,3;16,8;12,9;92,17;1,61;SEM_CHUVA;INVERNO;BRISA_FRACA;MUITO_ALTA;TERÇA-FEIRA;
2024-07-31 00:00:00;0;17,22;23,2;14,3;78,71;1,4;SEM_CHUVA;INVERNO;BRISA_LEVE;MUITO_ALTA;QUARTA-FEIRA;
2024-08-01 00:00:00;0;18,64;25,6;15,4;75,08;1,23;SEM_CHUVA;INVERNO;BRISA_LEVE;MUITO_ALTA;QUINTA-FEIRA;
2024-08-02 00:00:00;0;18,08;26,7;12;74,42;0,54;SEM_CHUVA;INVERNO;BRISA_LEVE;MUITO_ALTA;SEXTA-FEIRA;
2024-08-03 00:00:00;0;19,9;28;12,3;61,96;0,77;SEM_CHUVA;INVERNO;BRISA_LEVE;ALTA_UMIDADE;SÁBADO;
2024-08-04 00:00:00;0;20,23;27,9;13;63,79;0,75;SEM_CHUVA;INVERNO;BRISA_LEVE;ALTA_UMIDADE;DOMINGO;
2024-08-05 00:00:00;0;21,04;28,9;14,5;64,04;0,62;SEM_CHUVA;INVERNO;BRISA_LEVE;ALTA_UMIDADE;SEGUNDA-FEIRA;
2024-08-06 00:00:00;0;20,72;29,2;13,1;64,04;0,5;SEM_CHUVA;INVERNO;BRISA_LEVE;ALTA_UMIDADE;TERÇA-FEIRA;
2024-08-07 00:00:00;0;21,22;28,3;13,8;57,67;1,04;SEM_CHUVA;INVERNO;BRISA_LEVE;CONFORTAVEL;QUARTA-FEIRA;
2024-08-08 00:00:00;0;21,81;29,1;14,5;49,75;1,04;SEM_CHUVA;INVERNO;BRISA_LEVE;CONFORTAVEL;QUINTA-FEIRA;
2024-08-09 00:00:00;0;17,54;21,2;15,4;84,58;0,62;SEM_CHUVA;INVERNO;BRISA_LEVE;MUITO_ALTA;SEXTA-FEIRA;
2024-08-10 00:00:00;0;11,16;15,3;8,7;95,04;0,72;SEM_CHUVA;INVERNO;BRISA_LEVE;MUITO_ALTA;SÁBADO;
2024-08-11 00:00:00;0;10,99;20,1;6,1;79,46;0,54;SEM_CHUVA;INVERNO;BRISA_LEVE;MUITO_ALTA;DOMINGO;
2024-08-12 00:00:00;0;12,85;19,5;7,6;64,83;1,07;SEM_CHUVA;INVERNO;BRISA_LEVE;ALTA_UMIDADE;SEGUNDA-FEIRA;
2024-08-13 00:00:00;0;10;15,2;5,9;79,25;1,08;SEM_CHUVA;INVERNO;BRISA_LEVE;MUITO_ALTA;TERÇA-FEIRA;
2024-08-14 00:00:00;0;14,14;23,7;8,8;70,29;0,83;SEM_CHUVA;INVERNO;BRISA_LEVE;MUITO_ALTA;QUARTA-FEIRA;
2024-08-15 00:00:00;0;16,99;28,7;8,7;71,54;0,58;SEM_CHUVA;INVERNO;BRISA_LEVE;MUITO_ALTA;QUINTA-FEIRA;
2024-08-16 00:00:00;0;19,68;30,5;11,2;64,54;0,43;SEM_CHUVA;INVERNO;BRISA_LEVE;ALTA_UMIDADE;SEXTA-FEIRA;
2024-08-17 00:00:00;0;20,75;31,2;12,2;60,79;0,45;SEM_CHUVA;INVERNO;BRISA_LEVE;ALTA_UMIDADE;SÁBADO;
2024-08-18 00:00:00;0;21;31,8;12;57,33;0,38;SEM_CHUVA;INVERNO;BRISA_LEVE;CONFORTAVEL;DOMINGO;
2024-08-19 00:00:00;0;20,85;31,2;12,5;57,79;0,78;SEM_CHUVA;INVERNO;BRISA_LEVE;CONFORTAVEL;SEGUNDA-FEIRA;
2024-08-20 00:00:00;0;21,05;31,4;13,2;61;0,76;SEM_CHUVA;INVERNO;BRISA_LEVE;ALTA_UMIDADE;TERÇA-FEIRA;
2024-08-21 00:00:00;0;20,52;29,8;15,6;68,79;1,48;SEM_CHUVA;INVERNO;BRISA_LEVE;ALTA_UMIDADE;QUARTA-FEIRA;
2024-08-22 00:00:00;0;21,75;30,9;13,9;61,62;1,07;SEM_CHUVA;INVERNO;BRISA_LEVE;ALTA_UMIDADE;QUINTA-FEIRA;
2024-08-23 00:00:00;0;23,54;32,2;16,1;45,21;1,75;SEM_CHUVA;INVERNO;BRISA_FRACA;CONFORTAVEL;SEXTA-FEIRA;
2024-08-24 00:00:00;0;16,68;19,8;13,9;86,08;1,95;SEM_CHUVA;INVERNO;BRISA_FRACA;MUITO_ALTA;SÁBADO;
2024-08-25 00:00:00;0;11,72;14,9;8,5;95,46;1,3;SEM_CHUVA;INVERNO;BRISA_LEVE;MUITO_ALTA;DOMINGO;
2024-08-26 00:00:00;0;10,92;16,8;6,6;72,33;0,99;SEM_CHUVA;INVERNO;BRISA_LEVE;MUITO_ALTA;SEGUNDA-FEIRA;
2024-08-27 00:00:00;0;10,42;20,8;3,4;73,58;1;SEM_CHUVA;INVERNO;BRISA_LEVE;MUITO_ALTA;TERÇA-FEIRA;
2024-08-28 00:00:00;0;14,02;21,8;9,4;74,58;1,51;SEM_CHUVA;INVERNO;BRISA_FRACA;MUITO_ALTA;QUARTA-FEIRA;
2024-08-29 00:00:00;0;18,55;27,2;13,5;71,42;0,95;SEM_CHUVA;INVERNO;BRISA_LEVE;MUITO_ALTA;QUINTA-FEIRA;
2024-08-30 00:00:00;0;20,71;29,7;13;62,88;0,56;SEM_CHUVA;INVERNO;BRISA_LEVE;ALTA_UMIDADE;SEXTA-FEIRA;
2024-08-31 00:00:00;0;19,18;30;11,2;59;0,77;SEM_CHUVA;INVERNO;BRISA_LEVE;CONFORTAVEL;SÁBADO;
2024-09-01 00:00:00;0;20,67;31,1;11,7;51,83;0,95;SEM_CHUVA;INVERNO;BRISA_LEVE;CONFORTAVEL;DOMINGO;
2024-09-02 00:00:00;0;20,78;29,7;15,4;60,46;0,65;SEM_CHUVA;INVERNO;BRISA_LEVE;ALTA_UMIDADE;SEGUNDA-FEIRA;
2024-09-03 00:00:00;0;21,16;31;14,1;69,33;0,92;SEM_CHUVA;INVERNO;BRISA_LEVE;ALTA_UMIDADE;TERÇA-FEIRA;
2024-09-04 00:00:00;0;23;32,1;14,1;52,42;0,88;SEM_CHUVA;INVERNO;BRISA_LEVE;CONFORTAVEL;QUARTA-FEIRA;
2024-09-05 00:00:00;0;20,16;26,6;16,3;63,08;1,32;SEM_CHUVA;INVERNO;BRISA_LEVE;ALTA_UMIDADE;QUINTA-FEIRA;
2024-09-06 00:00:00;0;17,08;21,2;14,5;81,96;2,02;SEM_CHUVA;INVERNO;BRISA_FRACA;MUITO_ALTA;SEXTA-FEIRA;
2024-09-07 00:00:00;0;21,84;32,5;14,8;72,17;0,7;SEM_CHUVA;INVERNO;BRISA_LEVE;MUITO_ALTA;SÁBADO;INDEPENDENCIA DO BRASIL
2024-09-08 00:00:00;0;24,3;33,5;16,8;60,54;0,62;SEM_CHUVA;INVERNO;BRISA_LEVE;ALTA_UMIDADE;DOMINGO;
2024-09-09 00:00:00;0;24,18;33,5;16,4;56,42;0,79;SEM_CHUVA;INVERNO;BRISA_LEVE;CONFORTAVEL;SEGUNDA-FEIRA;
2024-09-10 00:00:00;0;23,03;32,1;14,6;47,38;0,82;SEM_CHUVA;INVERNO;BRISA_LEVE;CONFORTAVEL;TERÇA-FEIRA;
2024-09-11 00:00:00;0;24,05;32;15,8;48,17;0,7;SEM_CHUVA;INVERNO;BRISA_LEVE;CONFORTAVEL;QUARTA-FEIRA;
2024-09-12 00:00:00;0;23,89;33;14,9;45,83;0,9;SEM_CHUVA;INVERNO;BRISA_LEVE;CONFORTAVEL;QUINTA-FEIRA;
2024-09-13 00:00:00;0;23,87;32,5;15,8;43,83;0,83;SEM_CHUVA;INVERNO;BRISA_LEVE;CONFORTAVEL;SEXTA-FEIRA;
2024-09-14 00:00:00;0;23,04;29,1;17,4;50,79;0,96;SEM_CHUVA;INVERNO;BRISA_LEVE;CONFORTAVEL;SÁBADO;
2024-09-15 00:00:00;0;18,76;22;16,4;80,46;2,49;SEM_CHUVA;INVERNO;BRISA_FRACA;MUITO_ALTA;DOMINGO;
2024-09-16 00:00:00;13,2;15,22;16,5;13,9;99,54;1,28;CHUVA_FORTE;INVERNO;BRISA_LEVE;MUITO_ALTA;SEGUNDA-FEIRA;
2024-09-17 00:00:00;0,6;14,88;16,7;13,9;91,42;1,89;CHUVA_FRACA;INVERNO;BRISA_FRACA;MUITO_ALTA;TERÇA-FEIRA;
2024-09-18 00:00:00;0,2;16,81;20,3;14,7;81,79;1,75;CHUVA_FRACA;INVERNO;BRISA_FRACA;MUITO_ALTA;QUARTA-FEIRA;
2024-09-19 00:00:00;0,2;18,61;23,7;16,2;84,04;1,23;CHUVA_FRACA;INVERNO;BRISA_LEVE;MUITO_ALTA;QUINTA-FEIRA;
2024-09-20 00:00:00;0;22,28;32,8;15,3;75,21;1,12;SEM_CHUVA;INVERNO;BRISA_LEVE;MUITO_ALTA;SEXTA-FEIRA;
2024-09-21 00:00:00;0,2;20,66;26,6;16,6;77;1,23;CHUVA_FRACA;INVERNO;BRISA_LEVE;MUITO_ALTA;SÁBADO;
2024-09-22 00:00:00;0;22,79;31,5;16,2;71,12;0,89;SEM_CHUVA;PRIMAVERA;BRISA_LEVE;MUITO_ALTA;DOMINGO;
2024-09-23 00:00:00;0;23,45;32,9;15,4;63,5;0,97;SEM_CHUVA;PRIMAVERA;BRISA_LEVE;ALTA_UMIDADE;SEGUNDA-FEIRA;
2024-09-24 00:00:00;0;23,33;33,8;15,6;61,08;1;SEM_CHUVA;PRIMAVERA;BRISA_LEVE;ALTA_UMIDADE;TERÇA-FEIRA;
2024-09-25 00:00:00;0;25,08;34,6;16,7;62,25;0,98;SEM_CHUVA;PRIMAVERA;BRISA_LEVE;ALTA_UMIDADE;QUARTA-FEIRA;
2024-09-26 00:00:00;0;26,51;35,7;18,1;51,04;0,9;SEM_CHUVA;PRIMAVERA;BRISA_LEVE;CONFORTAVEL;QUINTA-FEIRA;
2024-09-27 00:00:00;0;21,12;26,6;16,1;77,62;1,56;SEM_CHUVA;PRIMAVERA;BRISA_FRACA;MUITO_ALTA;SEXTA-FEIRA;
2024-09-28 00:00:00;0;17,35;23;14,2;75,71;2,4;SEM_CHUVA;PRIMAVERA;BRISA_FRACA;MUITO_ALTA;SÁBADO;
2024-09-29 00:00:00;0;20,4;30;15;71,12;1,68;SEM_CHUVA;PRIMAVERA;BRISA_FRACA;MUITO_ALTA;DOMINGO;
2024-09-30 00:00:00;0;22,7;32,4;17,7;70,67;1,29;SEM_CHUVA;PRIMAVERA;BRISA_LEVE;MUITO_ALTA;SEGUNDA-FEIRA;
2024-10-01 00:00:00;0;24,99;34,9;17,4;60,12;0,85;SEM_CHUVA;PRIMAVERA;BRISA_LEVE;ALTA_UMIDADE;TERÇA-FEIRA;
2024-10-02 00:00:00;0;25,62;35,6;18,9;52,92;1,43;SEM_CHUVA;PRIMAVERA;BRISA_LEVE;CONFORTAVEL;QUARTA-FEIRA;
2024-10-03 00:00:00;0;19;21;16,6;84,21;2,65;SEM_CHUVA;PRIMAVERA;BRISA_FRACA;MUITO_ALTA;QUINTA-FEIRA;
2024-10-04 00:00:00;0;16,36;18,1;15,4;87,08;1,83;SEM_CHUVA;PRIMAVERA;BRISA_FRACA;MUITO_ALTA;SEXTA-FEIRA;
2024-10-05 00:00:00;0;17,97;24,1;14,8;78,88;1,83;SEM_CHUVA;PRIMAVERA;BRISA_FRACA;MUITO_ALTA;SÁBADO;
2024-10-06 00:00:00;0;19,59;27,9;14,7;73;1,65;SEM_CHUVA;PRIMAVERA;BRISA_FRACA;MUITO_ALTA;DOMINGO;
2024-10-07 00:00:00;0;19,22;28;14,5;69,04;1,85;SEM_CHUVA;PRIMAVERA;BRISA_FRACA;ALTA_UMIDADE;SEGUNDA-FEIRA;
2024-10-08 00:00:00;0;21,11;33,5;15,4;72,17;1,46;SEM_CHUVA;PRIMAVERA;BRISA_LEVE;MUITO_ALTA;TERÇA-FEIRA;
2024-10-09 00:00:00;0;17,9;21,8;14,8;86,67;1,6;SEM_CHUVA;PRIMAVERA;BRISA_FRACA;MUITO_ALTA;QUARTA-FEIRA;
2024-10-10 00:00:00;0;20,55;26,5;17,2;81,08;1,16;SEM_CHUVA;PRIMAVERA;BRISA_LEVE;MUITO_ALTA;QUINTA-FEIRA;
2024-10-11 00:00:00;0;22,04;27,5;18,3;85,29;0,85;SEM_CHUVA;PRIMAVERA;BRISA_LEVE;MUITO_ALTA;SEXTA-FEIRA;
2024-10-12 00:00:00;0;21,44;27,3;18,8;80,96;1,87;SEM_CHUVA;PRIMAVERA;BRISA_FRACA;MUITO_ALTA;SÁBADO;NOSSA SENHORA APARECIDA
2024-10-13 00:00:00;0;18,95;26;15,6;80,33;2,01;SEM_CHUVA;PRIMAVERA;BRISA_FRACA;MUITO_ALTA;DOMINGO;
2024-10-14 00:00:00;0;18,81;23,9;16,9;82,04;1,93;SEM_CHUVA;PRIMAVERA;BRISA_FRACA;MUITO_ALTA;SEGUNDA-FEIRA;
2024-10-15 00:00:00;0;20,72;28,8;16,3;72,58;1,61;SEM_CHUVA;PRIMAVERA;BRISA_FRACA;MUITO_ALTA;TERÇA-FEIRA;
2024-10-16 00:00:00;0;22,08;31,1;15;73,38;1,3;SEM_CHUVA;PRIMAVERA;BRISA_LEVE;MUITO_ALTA;QUARTA-FEIRA;
2024-10-17 00:00:00;0;22,15;31,5;16;72,17;1,46;SEM_CHUVA;PRIMAVERA;BRISA_LEVE;MUITO_ALTA;QUINTA-FEIRA;
2024-10-18 00:00:00;0;20,81;28,8;15,4;74,79;1,24;SEM_CHUVA;PRIMAVERA;BRISA_LEVE;MUITO_ALTA;SEXTA-FEIRA;
2024-10-19 00:00:00;0;17,08;19;14,1;91,21;1,44;SEM_CHUVA;PRIMAVERA;BRISA_LEVE;MUITO_ALTA;SÁBADO;
2024-10-20 00:00:00;0;16;17,7;14;98,67;0,85;SEM_CHUVA;PRIMAVERA;BRISA_LEVE;MUITO_ALTA;DOMINGO;
2024-10-21 00:00:00;0;20,24;25,5;17,5;84,17;1,19;SEM_CHUVA;PRIMAVERA;BRISA_LEVE;MUITO_ALTA;SEGUNDA-FEIRA;
2024-10-22 00:00:00;0;23,82;31;18,2;78,25;0,9;SEM_CHUVA;PRIMAVERA;BRISA_LEVE;MUITO_ALTA;TERÇA-FEIRA;
2024-10-23 00:00:00;0;22,93;27,1;20,1;90,58;0,55;SEM_CHUVA;PRIMAVERA;BRISA_LEVE;MUITO_ALTA;QUARTA-FEIRA;
2024-10-24 00:00:00;0;22,5;29,2;19,7;87,79;1,24;SEM_CHUVA;PRIMAVERA;BRISA_LEVE;MUITO_ALTA;QUINTA-FEIRA;
2024-10-25 00:00:00;0;22,22;26,4;19,4;85,08;2,08;SEM_CHUVA;PRIMAVERA;BRISA_FRACA;MUITO_ALTA;SEXTA-FEIRA;
2024-10-26 00:00:00;0;23,46;28,4;19,2;78,42;1,33;SEM_CHUVA;PRIMAVERA;BRISA_LEVE;MUITO_ALTA;SÁBADO;
2024-10-27 00:00:00;0;17,2;19,4;15,9;90,58;1,56;SEM_CHUVA;PRIMAVERA;BRISA_FRACA;MUITO_ALTA;DOMINGO;
2024-10-28 00:00:00;0;17,77;21,8;16,1;90,33;1,08;SEM_CHUVA;PRIMAVERA;BRISA_LEVE;MUITO_ALTA;SEGUNDA-FEIRA;
2024-10-29 00:00:00;0;19,69;23;17,7;87,21;1,21;SEM_CHUVA;PRIMAVERA;BRISA_LEVE;MUITO_ALTA;TERÇA-FEIRA;
2024-10-30 00:00:00;0;20,83;26,3;17,1;75,71;1,69;SEM_CHUVA;PRIMAVERA;BRISA_FRACA;MUITO_ALTA;QUARTA-FEIRA;
2024-10-31 00:00:00;0;20,55;26,5;15,9;70,38;1,96;SEM_CHUVA;PRIMAVERA;BRISA_FRACA;MUITO_ALTA;QUINTA-FEIRA;
2024-11-01 00:00:00;0;21,58;29,8;17,8;70,42;1,74;SEM_CHUVA;PRIMAVERA;BRISA_FRACA;MUITO_ALTA;SEXTA-FEIRA;VESPERA DE FINADOS
2024-11-02 00:00:00;0;21,68;29,4;18,8;80,12;1,04;SEM_CHUVA;PRIMAVERA;BRISA_LEVE;MUITO_ALTA;SÁBADO;FINADOS
2024-11-03 00:00:00;0;19,7;21,3;18,7;96,29;0,68;SEM_CHUVA;PRIMAVERA;BRISA_LEVE;MUITO_ALTA;DOMINGO;
2024-11-04 00:00:00;0;19,87;23,2;18,4;95,88;0,99;SEM_CHUVA;PRIMAVERA;BRISA_LEVE;MUITO_ALTA;SEGUNDA-FEIRA;
2024-11-05 00:00:00;0;21,95;27,2;18,7;88,46;0,6;SEM_CHUVA;PRIMAVERA;BRISA_LEVE;MUITO_ALTA;TERÇA-FEIRA;
2024-11-06 00:00:00;0;21,99;26,6;19,6;92,58;0,72;SEM_CHUVA;PRIMAVERA;BRISA_LEVE;MUITO_ALTA;QUARTA-FEIRA;
2024-11-07 00:00:00;0;21,38;23,1;20,6;95,08;0,8;SEM_CHUVA;PRIMAVERA;BRISA_LEVE;MUITO_ALTA;QUINTA-FEIRA;
2024-11-08 00:00:00;0;20,26;24,7;17,1;96,96;0,65;SEM_CHUVA;PRIMAVERA;BRISA_LEVE;MUITO_ALTA;SEXTA-FEIRA;
2024-11-09 00:00:00;0;17,86;21,4;15,9;93,54;0,9;SEM_CHUVA;PRIMAVERA;BRISA_LEVE;MUITO_ALTA;SÁBADO;
2024-11-10 00:00:00;0;18,51;24,6;13,9;78,79;1,05;SEM_CHUVA;PRIMAVERA;BRISA_LEVE;MUITO_ALTA;DOMINGO;
2024-11-11 00:00:00;0;20,67;29,7;12,3;69,96;0,92;SEM_CHUVA;PRIMAVERA;BRISA_LEVE;ALTA_UMIDADE;SEGUNDA-FEIRA;
2024-11-12 00:00:00;0;21,63;30,8;15,5;72,29;1,04;SEM_CHUVA;PRIMAVERA;BRISA_LEVE;MUITO_ALTA;TERÇA-FEIRA;
2024-11-13 00:00:00;0;16,68;18,8;15,3;92,58;1,06;SEM_CHUVA;PRIMAVERA;BRISA_LEVE;MUITO_ALTA;QUARTA-FEIRA;
2024-11-14 00:00:00;0;17,1;21,2;15;83,75;1,07;SEM_CHUVA;PRIMAVERA;BRISA_LEVE;MUITO_ALTA;QUINTA-FEIRA;
2024-11-15 00:00:00;0;20,08;27;16,7;82,88;1,16;SEM_CHUVA;PRIMAVERA;BRISA_LEVE;MUITO_ALTA;SEXTA-FEIRA;PROCLAMACAO DA REPUBLICA
2024-11-16 00:00:00;0;21,03;26,7;18,4;87,5;0,62;SEM_CHUVA;PRIMAVERA;BRISA_LEVE;MUITO_ALTA;SÁBADO;
2024-11-17 00:00:00;0;21,87;28,7;18,1;78,79;0,63;SEM_CHUVA;PRIMAVERA;BRISA_LEVE;MUITO_ALTA;DOMINGO;
2024-11-18 00:00:00;0;23,12;30,7;16,4;71,96;0,88;SEM_CHUVA;PRIMAVERA;BRISA_LEVE;MUITO_ALTA;SEGUNDA-FEIRA;
2024-11-19 00:00:00;0;21,87;30,1;16,1;75,12;1,2;SEM_CHUVA;PRIMAVERA;BRISA_LEVE;MUITO_ALTA;TERÇA-FEIRA;
2024-11-20 00:00:00;0;23,16;31,4;16,3;73,5;1,11;SEM_CHUVA;PRIMAVERA;BRISA_LEVE;MUITO_ALTA;QUARTA-FEIRA;
2024-11-21 00:00:00;0;21,09;24,4;19,5;84,33;1,62;SEM_CHUVA;PRIMAVERA;BRISA_FRACA;MUITO_ALTA;QUINTA-FEIRA;
2024-11-22 00:00:00;0;19,89;22,4;18,5;85,58;1,12;SEM_CHUVA;PRIMAVERA;BRISA_LEVE;MUITO_ALTA;SEXTA-FEIRA;
2024-11-23 00:00:00;0;19,63;23,1;16,7;83,38;1,52;SEM_CHUVA;PRIMAVERA;BRISA_FRACA;MUITO_ALTA;SÁBADO;
2024-11-24 00:00:00;0;18,28;23,2;14,8;76,83;1,35;SEM_CHUVA;PRIMAVERA;BRISA_LEVE;MUITO_ALTA;DOMINGO;
2024-11-25 00:00:00;0;21,19;29,3;16;68,5;1,4;SEM_CHUVA;PRIMAVERA;BRISA_LEVE;ALTA_UMIDADE;SEGUNDA-FEIRA;
2024-11-26 00:00:00;0;23,62;31;16,7;65,54;0,87;SEM_CHUVA;PRIMAVERA;BRISA_LEVE;ALTA_UMIDADE;TERÇA-FEIRA;
2024-11-27 00:00:00;0;26,16;33,4;18,7;56,96;0,86;SEM_CHUVA;PRIMAVERA;BRISA_LEVE;CONFORTAVEL;QUARTA-FEIRA;
2024-11-28 00:00:00;0;24,64;31,5;19,9;70,83;0,82;SEM_CHUVA;PRIMAVERA;BRISA_LEVE;MUITO_ALTA;QUINTA-FEIRA;
2024-11-29 00:00:00;0;22,58;27,1;19,6;86,92;0,84;SEM_CHUVA;PRIMAVERA;BRISA_LEVE;MUITO_ALTA;SEXTA-FEIRA;
2024-11-30 00:00:00;0;23,65;29,2;20,2;84,08;1,1;SEM_CHUVA;PRIMAVERA;BRISA_LEVE;MUITO_ALTA;SÁBADO;
2024-12-01 00:00:00;0;23,95;31;19,4;75,83;1,3;SEM_CHUVA;PRIMAVERA;BRISA_LEVE;MUITO_ALTA;DOMINGO;
2024-12-02 00:00:00;0;23,82;29,1;20,5;82,58;1,08;SEM_CHUVA;PRIMAVERA;BRISA_LEVE;MUITO_ALTA;SEGUNDA-FEIRA;
2024-12-03 00:00:00;0;21,34;23,6;20;97,21;0,94;SEM_CHUVA;PRIMAVERA;BRISA_LEVE;MUITO_ALTA;TERÇA-FEIRA;
2024-12-04 00:00:00;0;18,56;20;17,5;89,42;1,77;SEM_CHUVA;PRIMAVERA;BRISA_FRACA;MUITO_ALTA;QUARTA-FEIRA;
2024-12-05 00:00:00;0;21,06;28,7;16,7;85,5;0,68;SEM_CHUVA;PRIMAVERA;BRISA_LEVE;MUITO_ALTA;QUINTA-FEIRA;
2024-12-06 00:00:00;0;24,37;31,5;20,3;84,04;1,03;SEM_CHUVA;PRIMAVERA;BRISA_LEVE;MUITO_ALTA;SEXTA-FEIRA;
2024-12-07 00:00:00;0;25,41;31,7;21,5;78,25;1,17;SEM_CHUVA;PRIMAVERA;BRISA_LEVE;MUITO_ALTA;SÁBADO;
2024-12-08 00:00:00;0;21,45;23,3;19,6;92,42;1,01;SEM_CHUVA;PRIMAVERA;BRISA_LEVE;MUITO_ALTA;DOMINGO;
2024-12-09 00:00:00;0;21,44;24,6;19,4;93,42;0,4;SEM_CHUVA;PRIMAVERA;BRISA_LEVE;MUITO_ALTA;SEGUNDA-FEIRA;
2024-12-10 00:00:00;0;21,13;26,9;17,6;94,46;1,41;SEM_CHUVA;PRIMAVERA;BRISA_LEVE;MUITO_ALTA;TERÇA-FEIRA;
2024-12-11 00:00:00;0;19,69;24,1;16,5;83,54;1,49;SEM_CHUVA;PRIMAVERA;BRISA_LEVE;MUITO_ALTA;QUARTA-FEIRA;
2024-12-12 00:00:00;0;20,54;26,8;15,3;73,92;1,35;SEM_CHUVA;PRIMAVERA;BRISA_LEVE;MUITO_ALTA;QUINTA-FEIRA;
2024-12-13 00:00:00;0;21,46;26,9;17,9;76,67;1,13;SEM_CHUVA;PRIMAVERA;BRISA_LEVE;MUITO_ALTA;SEXTA-FEIRA;
2024-12-14 00:00:00;0;21,7;25,9;19,1;83,42;1,03;SEM_CHUVA;PRIMAVERA;BRISA_LEVE;MUITO_ALTA;SÁBADO;
2024-12-15 00:00:00;0;22,69;28,3;19,7;82,25;1,58;SEM_CHUVA;PRIMAVERA;BRISA_FRACA;MUITO_ALTA;DOMINGO;
2024-12-16 00:00:00;0;23,98;28,8;20,6;61,25;2,05;SEM_CHUVA;PRIMAVERA;BRISA_FRACA;ALTA_UMIDADE;SEGUNDA-FEIRA;
2024-12-17 00:00:00;0;20,66;27;15,7;76,12;1,53;SEM_CHUVA;PRIMAVERA;BRISA_FRACA;MUITO_ALTA;TERÇA-FEIRA;
2024-12-18 00:00:00;0;21,35;27,9;15,7;73,29;1,13;SEM_CHUVA;PRIMAVERA;BRISA_LEVE;MUITO_ALTA;QUARTA-FEIRA;
2024-12-19 00:00:00;0;23,31;30,9;17,6;69,33;0,98;SEM_CHUVA;PRIMAVERA;BRISA_LEVE;ALTA_UMIDADE;QUINTA-FEIRA;
2024-12-20 00:00:00;0;23,78;31,2;19,2;78,38;1,48;SEM_CHUVA;PRIMAVERA;BRISA_LEVE;MUITO_ALTA;SEXTA-FEIRA;
2024-12-21 00:00:00;0;22,05;28;19,5;90,88;0,59;SEM_CHUVA;VERAO;BRISA_LEVE;MUITO_ALTA;SÁBADO;
2024-12-22 00:00:00;0;22,38;27,6;19,6;88,5;0,68;SEM_CHUVA;VERAO;BRISA_LEVE;MUITO_ALTA;DOMINGO;
2024-12-23 00:00:00;0;20,94;23;18,9;95,33;1,19;SEM_CHUVA;VERAO;BRISA_LEVE;MUITO_ALTA;SEGUNDA-FEIRA;VESPERA DE NATAL
2024-12-24 00:00:00;0;21,39;26,6;17,7;82,21;1,24;SEM_CHUVA;VERAO;BRISA_LEVE;MUITO_ALTA;TERÇA-FEIRA;VESPERA DE NATAL
2024-12-25 00:00:00;0;23,59;30,4;19,2;78,5;0,85;SEM_CHUVA;VERAO;BRISA_LEVE;MUITO_ALTA;QUARTA-FEIRA;NATAL
2024-12-26 00:00:00;0;21,58;24,8;19,3;94;0,5;SEM_CHUVA;VERAO;BRISA_LEVE;MUITO_ALTA;QUINTA-FEIRA;
2024-12-27 00:00:00;0;21,88;27,9;18,7;92,08;0,48;SEM_CHUVA;VERAO;BRISA_LEVE;MUITO_ALTA;SEXTA-FEIRA;
2024-12-28 00:00:00;0;23,57;29,8;20,2;84,96;0,76;SEM_CHUVA;VERAO;BRISA_LEVE;MUITO_ALTA;SÁBADO;
2024-12-29 00:00:00;0;22,9;29,4;19,6;81,04;1,14;SEM_CHUVA;VERAO;BRISA_LEVE;MUITO_ALTA;DOMINGO;
2024-12-30 00:00:00;0;20,83;27,7;16,5;88,67;0,95;SEM_CHUVA;VERAO;BRISA_LEVE;MUITO_ALTA;SEGUNDA-FEIRA;VESPERA DE ANO NOVO
2024-12-31 00:00:00;0;22,24;29,5;18,5;79,12;0,99;SEM_CHUVA;VERAO;BRISA_LEVE;MUITO_ALTA;TERÇA-FEIRA;VESPERA DE ANO NOVO
2025-01-01 00:00:00;0;21,99;25,4;18,8;70,5;1,43;SEM_CHUVA;VERAO;BRISA_LEVE;MUITO_ALTA;QUARTA-FEIRA;CONFRATERNIZACAO UNIVERSAL
2025-01-02 00:00:00;0;22,43;29,5;19,3;76,36;1,4;SEM_CHUVA;VERAO;BRISA_LEVE;MUITO_ALTA;QUINTA-FEIRA;
2025-01-03 00:00:00;0;23,34;30,7;20;78,71;1,2;SEM_CHUVA;VERAO;BRISA_LEVE;MUITO_ALTA;SEXTA-FEIRA;
2025-01-04 00:00:00;0;21,74;26;18,8;87,32;2,25;SEM_CHUVA;VERAO;BRISA_FRACA;MUITO_ALTA;SÁBADO;
2025-01-05 00:00:00;0;22,5;28,4;19;78,38;1,61;SEM_CHUVA;VERAO;BRISA_FRACA;MUITO_ALTA;DOMINGO;
2025-01-06 00:00:00;0;23,52;28,4;20;71,05;1,04;SEM_CHUVA;VERAO;BRISA_LEVE;MUITO_ALTA;SEGUNDA-FEIRA;
2025-01-07 00:00:00;0;24,52;33,2;19,3;68,62;0,94;SEM_CHUVA;VERAO;BRISA_LEVE;ALTA_UMIDADE;TERÇA-FEIRA;
2025-01-08 00:00:00;0;25,08;33,4;20;72,67;0,89;SEM_CHUVA;VERAO;BRISA_LEVE;MUITO_ALTA;QUARTA-FEIRA;
2025-01-09 00:00:00;0;24,6;33,3;18,5;73,22;0,63;SEM_CHUVA;VERAO;BRISA_LEVE;MUITO_ALTA;QUINTA-FEIRA;
2025-01-10 00:00:00;0;25,97;32,9;20,4;67,08;0,78;SEM_CHUVA;VERAO;BRISA_LEVE;ALTA_UMIDADE;SEXTA-FEIRA;
2025-01-11 00:00:00;0;24,85;30,5;21;79,33;1,25;SEM_CHUVA;VERAO;BRISA_LEVE;MUITO_ALTA;SÁBADO;
2025-01-12 00:00:00;0;22,58;27;20,6;91,94;1,78;SEM_CHUVA;VERAO;BRISA_FRACA;MUITO_ALTA;DOMINGO;
2025-01-13 00:00:00;0;20,35;22;18,7;94,76;2,51;SEM_CHUVA;VERAO;BRISA_FRACA;MUITO_ALTA;SEGUNDA-FEIRA;
2025-01-14 00:00:00;0;23,89;31;17,1;75,15;0,78;SEM_CHUVA;VERAO;BRISA_LEVE;MUITO_ALTA;TERÇA-FEIRA;
2025-01-15 00:00:00;0;25,26;30,6;20,2;76,32;0,95;SEM_CHUVA;VERAO;BRISA_LEVE;MUITO_ALTA;QUARTA-FEIRA;
2025-01-16 00:00:00;0;26,95;31,5;21,9;67,7;0,7;SEM_CHUVA;VERAO;BRISA_LEVE;ALTA_UMIDADE;QUINTA-FEIRA;
2025-01-17 00:00:00;0;26,47;31,5;22,5;72,48;0,72;SEM_CHUVA;VERAO;BRISA_LEVE;MUITO_ALTA;SEXTA-FEIRA;
2025-01-18 00:00:00;0;26,09;33,6;21,1;78,19;0,72;SEM_CHUVA;VERAO;BRISA_LEVE;MUITO_ALTA;SÁBADO;
2025-01-19 00:00:00;0;24,45;29,8;20,2;79,38;1,51;SEM_CHUVA;VERAO;BRISA_FRACA;MUITO_ALTA;DOMINGO;
2025-01-20 00:00:00;0;23,57;27,2;20,3;84,09;1,43;SEM_CHUVA;VERAO;BRISA_LEVE;MUITO_ALTA;SEGUNDA-FEIRA;
2025-01-21 00:00:00;0;21,22;27,2;19,7;94,29;1,03;SEM_CHUVA;VERAO;BRISA_LEVE;MUITO_ALTA;TERÇA-FEIRA;
2025-01-22 00:00:00;0;20,69;25,2;17,9;89,1;1,46;SEM_CHUVA;VERAO;BRISA_LEVE;MUITO_ALTA;QUARTA-FEIRA;
2025-01-23 00:00:00;0;18,7;19,8;16,9;91,1;1,38;SEM_CHUVA;VERAO;BRISA_LEVE;MUITO_ALTA;QUINTA-FEIRA;
2025-01-24 00:00:00;0;18,85;23,8;15,6;85,95;1,26;SEM_CHUVA;VERAO;BRISA_LEVE;MUITO_ALTA;SEXTA-FEIRA;
2025-01-25 00:00:00;0;18,01;21,1;16,3;87,68;2,71;SEM_CHUVA;VERAO;BRISA_FRACA;MUITO_ALTA;SÁBADO;
2025-01-26 00:00:00;0;17,98;22,2;15,2;85,4;2,06;SEM_CHUVA;VERAO;BRISA_FRACA;MUITO_ALTA;DOMINGO;
2025-01-27 00:00:00;0;20,16;25,9;17,1;85,25;0,64;SEM_CHUVA;VERAO;BRISA_LEVE;MUITO_ALTA;SEGUNDA-FEIRA;
2025-01-28 00:00:00;0;20,54;24,2;17,3;85,33;0,15;SEM_CHUVA;VERAO;CALMARIA;MUITO_ALTA;TERÇA-FEIRA;
2025-01-29 00:00:00;0;23,48;28,2;17,2;71,93;0,73;SEM_CHUVA;VERAO;BRISA_LEVE;MUITO_ALTA;QUARTA-FEIRA;
2025-01-30 00:00:00;0;24,32;31,4;17,8;68;0,61;SEM_CHUVA;VERAO;BRISA_LEVE;ALTA_UMIDADE;QUINTA-FEIRA;
2025-01-31 00:00:00;0;23,28;29,4;18,2;75,48;0,34;SEM_CHUVA;VERAO;BRISA_LEVE;MUITO_ALTA;SEXTA-FEIRA;
2025-02-01 00:00:00;0;20,38;26,4;16,5;86,2;0,5;SEM_CHUVA;VERAO;BRISA_LEVE;MUITO_ALTA;SÁBADO;
2025-02-02 00:00:00;0;19,95;23,1;18,1;92;0,72;SEM_CHUVA;VERAO;BRISA_LEVE;MUITO_ALTA;DOMINGO;
2025-02-03 00:00:00;0;22,2;26,3;17,9;82,67;0,05;SEM_CHUVA;VERAO;CALMARIA;MUITO_ALTA;SEGUNDA-FEIRA;
2025-02-04 00:00:00;0;22,6;29,4;19,1;81,86;0,38;SEM_CHUVA;VERAO;BRISA_LEVE;MUITO_ALTA;TERÇA-FEIRA;
2025-02-05 00:00:00;0;22,9;30,3;16,5;71,91;0,35;SEM_CHUVA;VERAO;BRISA_LEVE;MUITO_ALTA;QUARTA-FEIRA;
2025-02-06 00:00:00;0;23,13;28,5;17,7;76,36;0,35;SEM_CHUVA;VERAO;BRISA_LEVE;MUITO_ALTA;QUINTA-FEIRA;
2025-02-07 00:00:00;0;24,21;30,8;18,5;76,24;0,35;SEM_CHUVA;VERAO;BRISA_LEVE;MUITO_ALTA;SEXTA-FEIRA;
2025-02-08 00:00:00;0;24,76;32,1;18,6;72,5;0,26;SEM_CHUVA;VERAO;BRISA_LEVE;MUITO_ALTA;SÁBADO;
2025-02-09 00:00:00;0;25,1;32,3;19,3;70,39;0,49;SEM_CHUVA;VERAO;BRISA_LEVE;MUITO_ALTA;DOMINGO;
2025-02-10 00:00:00;0;25,52;31,1;21,4;68,78;0,5;SEM_CHUVA;VERAO;BRISA_LEVE;ALTA_UMIDADE;SEGUNDA-FEIRA;
2025-02-11 00:00:00;0;25,14;32,3;19,1;71,7;0,22;SEM_CHUVA;VERAO;BRISA_LEVE;MUITO_ALTA;TERÇA-FEIRA;
2025-02-12 00:00:00;0;25,19;30,4;19,8;75;0,37;SEM_CHUVA;VERAO;BRISA_LEVE;MUITO_ALTA;QUARTA-FEIRA;
2025-02-13 00:00:00;0;26,89;32;21,3;63,16;0,74;SEM_CHUVA;VERAO;BRISA_LEVE;ALTA_UMIDADE;QUINTA-FEIRA;
2025-02-14 00:00:00;0;21,95;27;20;93,6;0,67;SEM_CHUVA;VERAO;BRISA_LEVE;MUITO_ALTA;SEXTA-FEIRA;
2025-02-15 00:00:00;0;19,68;20,5;18;98,94;1,96;SEM_CHUVA;VERAO;BRISA_FRACA;MUITO_ALTA;SÁBADO;
2025-02-16 00:00:00;0;20,83;26;17,7;87,05;0,64;SEM_CHUVA;VERAO;BRISA_LEVE;MUITO_ALTA;DOMINGO;
2025-02-17 00:00:00;0;22,5;27,8;19,2;77,52;0,71;SEM_CHUVA;VERAO;BRISA_LEVE;MUITO_ALTA;SEGUNDA-FEIRA;
2025-02-18 00:00:00;0;21,23;27,8;18,8;87,3;0,43;SEM_CHUVA;VERAO;BRISA_LEVE;MUITO_ALTA;TERÇA-FEIRA;
2025-02-19 00:00:00;0;22,72;29,2;18,2;81,78;0,59;SEM_CHUVA;VERAO;BRISA_LEVE;MUITO_ALTA;QUARTA-FEIRA;VESPERA DE CARNAVAL
2025-02-20 00:00:00;0;22,04;25,2;19,4;86,31;0,71;SEM_CHUVA;VERAO;BRISA_LEVE;MUITO_ALTA;QUINTA-FEIRA;CARNAVAL
2025-02-21 00:00:00;0;20,73;27,1;18,7;92,86;0,43;SEM_CHUVA;VERAO;BRISA_LEVE;MUITO_ALTA;SEXTA-FEIRA;CARNAVAL
2025-02-22 00:00:00;0;23,62;30;19,4;82,91;0,41;SEM_CHUVA;VERAO;BRISA_LEVE;MUITO_ALTA;SÁBADO;
2025-02-23 00:00:00;0;26,11;31,3;21,4;72,89;0,36;SEM_CHUVA;VERAO;BRISA_LEVE;MUITO_ALTA;DOMINGO;
2025-02-24 00:00:00;0;23,04;28,6;20,5;91,11;0,38;SEM_CHUVA;VERAO;BRISA_LEVE;MUITO_ALTA;SEGUNDA-FEIRA;
2025-02-25 00:00:00;0;23,97;28,9;20,3;85,74;0,69;SEM_CHUVA;VERAO;BRISA_LEVE;MUITO_ALTA;TERÇA-FEIRA;
2025-02-26 00:00:00;0;24,26;27,5;21,4;80;0,68;SEM_CHUVA;VERAO;BRISA_LEVE;MUITO_ALTA;QUARTA-FEIRA;
2025-02-27 00:00:00;0;26,08;30,9;21,6;74,75;0,64;SEM_CHUVA;VERAO;BRISA_LEVE;MUITO_ALTA;QUINTA-FEIRA;
2025-02-28 00:00:00;0;25,54;31;21,4;78,62;0,61;SEM_CHUVA;VERAO;BRISA_LEVE;MUITO_ALTA;SEXTA-FEIRA;
2025-03-01 00:00:00;0;23,76;28,3;20,8;82;1,45;SEM_CHUVA;VERAO;BRISA_LEVE;MUITO_ALTA;SÁBADO;
2025-03-02 00:00:00;0;23,06;27,9;19,7;72,27;0,83;SEM_CHUVA;VERAO;BRISA_LEVE;MUITO_ALTA;DOMINGO;
2025-03-03 00:00:00;0;24,35;31,3;19,6;72,04;0,7;SEM_CHUVA;VERAO;BRISA_LEVE;MUITO_ALTA;SEGUNDA-FEIRA;
2025-03-04 00:00:00;0;25,11;32;18,5;75,3;0,38;SEM_CHUVA;VERAO;BRISA_LEVE;MUITO_ALTA;TERÇA-FEIRA;
2025-03-05 00:00:00;0;24,24;30,1;19,8;83,83;1,15;SEM_CHUVA;VERAO;BRISA_LEVE;MUITO_ALTA;QUARTA-FEIRA;
2025-03-06 00:00:00;0;22,87;26,4;19,9;87,67;1,06;SEM_CHUVA;VERAO;BRISA_LEVE;MUITO_ALTA;QUINTA-FEIRA;
2025-03-07 00:00:00;0;23,43;28,1;20,8;80,43;0,54;SEM_CHUVA;VERAO;BRISA_LEVE;MUITO_ALTA;SEXTA-FEIRA;
2025-03-08 00:00:00;0;24,28;29,5;21,6;80,13;0,02;SEM_CHUVA;VERAO;CALMARIA;MUITO_ALTA;SÁBADO;
2025-03-09 00:00:00;0;24,49;29,2;20,9;86,82;0,35;SEM_CHUVA;VERAO;BRISA_LEVE;MUITO_ALTA;DOMINGO;
2025-03-10 00:00:00;0;23,34;28,8;21,1;92,12;0,22;SEM_CHUVA;VERAO;BRISA_LEVE;MUITO_ALTA;SEGUNDA-FEIRA;
2025-03-11 00:00:00;0;22,6;27,8;19,1;79,2;0,44;SEM_CHUVA;VERAO;BRISA_LEVE;MUITO_ALTA;TERÇA-FEIRA;
2025-03-12 00:00:00;0;22,42;28,8;16,9;75,79;0,65;SEM_CHUVA;VERAO;BRISA_LEVE;MUITO_ALTA;QUARTA-FEIRA;
2025-03-13 00:00:00;0;24,44;31,9;20,3;76,05;0,4;SEM_CHUVA;VERAO;BRISA_LEVE;MUITO_ALTA;QUINTA-FEIRA;
2025-03-14 00:00:00;0;25,22;32,1;19,8;78,92;0,18;SEM_CHUVA;VERAO;CALMARIA;MUITO_ALTA;SEXTA-FEIRA;
2025-03-15 00:00:00;0;27,72;33,1;20,9;66,55;0,38;SEM_CHUVA;VERAO;BRISA_LEVE;ALTA_UMIDADE;SÁBADO;
2025-03-16 00:00:00;0;27;32,9;21,7;71,61;0,15;SEM_CHUVA;VERAO;CALMARIA;MUITO_ALTA;DOMINGO;
2025-03-17 00:00:00;0;26,92;32,8;22,3;72,67;0,46;SEM_CHUVA;VERAO;BRISA_LEVE;MUITO_ALTA;SEGUNDA-FEIRA;
2025-03-18 00:00:00;0;25,41;30,7;21,5;78,59;0,32;SEM_CHUVA;VERAO;BRISA_LEVE;MUITO_ALTA;TERÇA-FEIRA;
2025-03-19 00:00:00;0;24,74;30,7;21,3;87,67;0,08;SEM_CHUVA;VERAO;CALMARIA;MUITO_ALTA;QUARTA-FEIRA;
2025-03-20 00:00:00;0;25,52;31,2;21,2;80,76;0,2;SEM_CHUVA;VERAO;CALMARIA;MUITO_ALTA;QUINTA-FEIRA;
2025-03-21 00:00:00;0;26,28;31,8;22,2;74,87;0,51;SEM_CHUVA;OUTONO;BRISA_LEVE;MUITO_ALTA;SEXTA-FEIRA;
2025-03-22 00:00:00;0;20,53;22,5;17,5;96,68;1,91;SEM_CHUVA;OUTONO;BRISA_FRACA;MUITO_ALTA;SÁBADO;
2025-03-23 00:00:00;0;17,84;18,8;17;90,95;1,35;SEM_CHUVA;OUTONO;BRISA_LEVE;MUITO_ALTA;DOMINGO;
2025-03-24 00:00:00;0;19,02;22,4;16,6;90,71;0,61;SEM_CHUVA;OUTONO;BRISA_LEVE;MUITO_ALTA;SEGUNDA-FEIRA;
2025-03-25 00:00:00;0;22,32;27,4;18,2;79,39;0,58;SEM_CHUVA;OUTONO;BRISA_LEVE;MUITO_ALTA;TERÇA-FEIRA;
2025-03-26 00:00:00;0;20,48;24,5;17;83,95;0,8;SEM_CHUVA;OUTONO;BRISA_LEVE;MUITO_ALTA;QUARTA-FEIRA;
2025-03-27 00:00:00;0;19,29;21,1;18,2;87,87;0,43;SEM_CHUVA;OUTONO;BRISA_LEVE;MUITO_ALTA;QUINTA-FEIRA;
2025-03-28 00:00:00;0;19,47;21,8;18,1;95,14;0,33;SEM_CHUVA;OUTONO;BRISA_LEVE;MUITO_ALTA;SEXTA-FEIRA;
2025-03-29 00:00:00;0;21,3;24,8;18,7;89,2;0,38;SEM_CHUVA;OUTONO;BRISA_LEVE;MUITO_ALTA;SÁBADO;PAIXAO DE CRISTO
2025-03-30 00:00:00;0;22,73;26,8;18,5;80,83;0,62;SEM_CHUVA;OUTONO;BRISA_LEVE;MUITO_ALTA;DOMINGO;
2025-03-31 00:00:00;0;22,33;29,8;15,9;73,81;0,36;SEM_CHUVA;OUTONO;BRISA_LEVE;MUITO_ALTA;SEGUNDA-FEIRA;
2025-04-01 00:00:00;0;22;29,5;16,3;72,64;0,31;SEM_CHUVA;OUTONO;BRISA_LEVE;MUITO_ALTA;TERÇA-FEIRA;
2025-04-02 00:00:00;0;22,55;28,7;18,5;75,26;0,07;SEM_CHUVA;OUTONO;CALMARIA;MUITO_ALTA;QUARTA-FEIRA;
2025-04-03 00:00:00;0;22,68;29,3;17,5;77,87;0,27;SEM_CHUVA;OUTONO;BRISA_LEVE;MUITO_ALTA;QUINTA-FEIRA;
2025-04-04 00:00:00;0;24,38;31,3;18,4;76,21;0,21;SEM_CHUVA;OUTONO;BRISA_LEVE;MUITO_ALTA;SEXTA-FEIRA;
2025-04-05 00:00:00;0;24,46;31,5;18,2;71,94;0,28;SEM_CHUVA;OUTONO;BRISA_LEVE;MUITO_ALTA;SÁBADO;
2025-04-06 00:00:00;0;21,07;24,6;18,2;85,58;2,06;SEM_CHUVA;OUTONO;BRISA_FRACA;MUITO_ALTA;DOMINGO;
2025-04-07 00:00:00;0;21,79;27,5;18,6;81,61;0,97;SEM_CHUVA;OUTONO;BRISA_LEVE;MUITO_ALTA;SEGUNDA-FEIRA;
2025-04-08 00:00:00;0;21,72;26,8;18,4;83,95;0,18;SEM_CHUVA;OUTONO;CALMARIA;MUITO_ALTA;TERÇA-FEIRA;
2025-04-09 00:00:00;0;22,49;28,5;18,2;83,65;0,39;SEM_CHUVA;OUTONO;BRISA_LEVE;MUITO_ALTA;QUARTA-FEIRA;
2025-04-10 00:00:00;0;23,15;24,2;22,1;81,5;0,85;SEM_CHUVA;OUTONO;BRISA_LEVE;MUITO_ALTA;QUINTA-FEIRA;
2025-04-11 00:00:00;0;23,72;31,9;17,8;75,75;0,91;SEM_CHUVA;OUTONO;BRISA_LEVE;MUITO_ALTA;SEXTA-FEIRA;
2025-04-12 00:00:00;0;23,11;31,8;17,1;75,17;0,97;SEM_CHUVA;OUTONO;BRISA_LEVE;MUITO_ALTA;SÁBADO;
2025-04-13 00:00:00;0,4;23,05;28,9;19,6;78,92;0,92;CHUVA_FRACA;OUTONO;BRISA_LEVE;MUITO_ALTA;DOMINGO;
2025-04-14 00:00:00;0;23,5;30,8;18;80,33;0,58;SEM_CHUVA;OUTONO;BRISA_LEVE;MUITO_ALTA;SEGUNDA-FEIRA;
2025-04-15 00:00:00;0;23,36;30,3;18,5;77;1,03;SEM_CHUVA;OUTONO;BRISA_LEVE;MUITO_ALTA;TERÇA-FEIRA;
2025-04-16 00:00:00;15;22,2;27,3;18,8;88,29;0,92;CHUVA_FORTE;OUTONO;BRISA_LEVE;MUITO_ALTA;QUARTA-FEIRA;
2025-04-17 00:00:00;0;23,1;29,7;19,1;84,54;0,82;SEM_CHUVA;OUTONO;BRISA_LEVE;MUITO_ALTA;QUINTA-FEIRA;
2025-04-18 00:00:00;4,6;21,85;25;19,9;93;0,73;CHUVA_MEDIA;OUTONO;BRISA_LEVE;MUITO_ALTA;SEXTA-FEIRA;
2025-04-19 00:00:00;0,2;22,94;28,6;19,8;86,42;0,98;CHUVA_FRACA;OUTONO;BRISA_LEVE;MUITO_ALTA;SÁBADO;
2025-04-20 00:00:00;0;22,98;29,9;18;81,33;0,75;SEM_CHUVA;OUTONO;BRISA_LEVE;MUITO_ALTA;DOMINGO;
2025-04-21 00:00:00;0;22,79;30,3;17,9;77,08;1;SEM_CHUVA;OUTONO;BRISA_LEVE;MUITO_ALTA;SEGUNDA-FEIRA;TIRADENTES
2025-04-22 00:00:00;0;22,51;30,8;17;74,79;1;SEM_CHUVA;OUTONO;BRISA_LEVE;MUITO_ALTA;TERÇA-FEIRA;
2025-04-23 00:00:00;0;22,84;31,9;17,4;76,54;1,06;SEM_CHUVA;OUTONO;BRISA_LEVE;MUITO_ALTA;QUARTA-FEIRA;
2025-04-24 00:00:00;9,2;23,15;30,5;19,6;86,17;0,91;CHUVA_MEDIA;OUTONO;BRISA_LEVE;MUITO_ALTA;QUINTA-FEIRA;
2025-04-25 00:00:00;18;22,18;28,7;18,9;87,75;0,8;CHUVA_FORTE;OUTONO;BRISA_LEVE;MUITO_ALTA;SEXTA-FEIRA;
2025-04-26 00:00:00;0,6;21,69;27,8;18,4;91,54;0,79;CHUVA_FRACA;OUTONO;BRISA_LEVE;MUITO_ALTA;SÁBADO;
2025-04-27 00:00:00;0,2;21,9;29,5;18,4;89,42;0,68;CHUVA_FRACA;OUTONO;BRISA_LEVE;MUITO_ALTA;DOMINGO;
2025-04-28 00:00:00;6,4;22,64;27,6;19,6;86,21;1,02;CHUVA_MEDIA;OUTONO;BRISA_LEVE;MUITO_ALTA;SEGUNDA-FEIRA;
2025-04-29 00:00:00;0;22,34;27,8;19,7;85,54;0,77;SEM_CHUVA;OUTONO;BRISA_LEVE;MUITO_ALTA;TERÇA-FEIRA;
2025-04-30 00:00:00;0,2;21,36;28,6;16,7;81,71;0,91;CHUVA_FRACA;OUTONO;BRISA_LEVE;MUITO_ALTA;QUARTA-FEIRA;
2025-05-01 00:00:00;0;20,82;29,2;15,5;79,67;1,1;SEM_CHUVA;OUTONO;BRISA_LEVE;MUITO_ALTA;QUINTA-FEIRA;DIA DO TRABALHO
2025-05-02 00:00:00;0;20,84;29,6;15,7;82,42;0,9;SEM_CHUVA;OUTONO;BRISA_LEVE;MUITO_ALTA;SEXTA-FEIRA;DIA DO TRABALHO
2025-05-03 00:00:00;0;21,08;29,3;15,6;76,62;1,01;SEM_CHUVA;OUTONO;BRISA_LEVE;MUITO_ALTA;SÁBADO;
2025-05-04 00:00:00;0,2;20,08;28,7;14,5;77;1;CHUVA_FRACA;OUTONO;BRISA_LEVE;MUITO_ALTA;DOMINGO;
2025-05-05 00:00:00;0;19,41;27,7;13,6;75,92;0,84;SEM_CHUVA;OUTONO;BRISA_LEVE;MUITO_ALTA;SEGUNDA-FEIRA;
2025-05-06 00:00:00;0;20,33;28,9;14,7;73,79;0,92;SEM_CHUVA;OUTONO;BRISA_LEVE;MUITO_ALTA;TERÇA-FEIRA;
2025-05-07 00:00:00;0;21,08;30,4;14,8;76,29;0,96;SEM_CHUVA;OUTONO;BRISA_LEVE;MUITO_ALTA;QUARTA-FEIRA;
2025-05-08 00:00:00;0;22,55;31,7;16,2;76,04;0,88;SEM_CHUVA;OUTONO;BRISA_LEVE;MUITO_ALTA;QUINTA-FEIRA;
2025-05-09 00:00:00;0;22,59;31,1;16,5;75,12;0,73;SEM_CHUVA;OUTONO;BRISA_LEVE;MUITO_ALTA;SEXTA-FEIRA;
2025-05-10 00:00:00;0;23,11;31,1;16,6;75,17;0,91;SEM_CHUVA;OUTONO;BRISA_LEVE;MUITO_ALTA;SÁBADO;
2025-05-11 00:00:00;0;23,6;30,5;19,3;79,79;1,03;SEM_CHUVA;OUTONO;BRISA_LEVE;MUITO_ALTA;DOMINGO;
2025-05-12 00:00:00;12,4;21,42;28,9;16,3;77,46;1,44;CHUVA_FORTE;OUTONO;BRISA_LEVE;MUITO_ALTA;SEGUNDA-FEIRA;
2025-05-13 00:00:00;0,8;21;26,8;17,5;84,12;1,21;CHUVA_FRACA;OUTONO;BRISA_LEVE;MUITO_ALTA;TERÇA-FEIRA;
2025-05-14 00:00:00;0;20,54;29,1;15,7;77,83;1,13;SEM_CHUVA;OUTONO;BRISA_LEVE;MUITO_ALTA;QUARTA-FEIRA;
2025-05-15 00:00:00;0,2;19,22;27,7;13,4;77,21;1,04;CHUVA_FRACA;OUTONO;BRISA_LEVE;MUITO_ALTA;QUINTA-FEIRA;
2025-05-16 00:00:00;0;19,27;28,3;13,3;78,92;1,06;SEM_CHUVA;OUTONO;BRISA_LEVE;MUITO_ALTA;SEXTA-FEIRA;
2025-05-17 00:00:00;0,2;20,38;29,1;14,2;77,25;0,88;CHUVA_FRACA;OUTONO;BRISA_LEVE;MUITO_ALTA;SÁBADO;
2025-05-18 00:00:00;0;20,47;28,5;14,1;76,38;0,78;SEM_CHUVA;OUTONO;BRISA_LEVE;MUITO_ALTA;DOMINGO;
2025-05-19 00:00:00;0;20,23;29,5;13,1;75,08;0,82;SEM_CHUVA;OUTONO;BRISA_LEVE;MUITO_ALTA;SEGUNDA-FEIRA;
2025-05-20 00:00:00;0;18,95;27,7;12,8;76,38;0,67;SEM_CHUVA;OUTONO;BRISA_LEVE;MUITO_ALTA;TERÇA-FEIRA;
2025-05-21 00:00:00;0;19,17;29,2;12,7;72,92;0,73;SEM_CHUVA;OUTONO;BRISA_LEVE;MUITO_ALTA;QUARTA-FEIRA;
2025-05-22 00:00:00;0;18,83;28,9;11,5;70,75;0,68;SEM_CHUVA;OUTONO;BRISA_LEVE;MUITO_ALTA;QUINTA-FEIRA;
2025-05-23 00:00:00;0,2;18,82;30,1;11,2;72,42;0,7;CHUVA_FRACA;OUTONO;BRISA_LEVE;MUITO_ALTA;SEXTA-FEIRA;
2025-05-24 00:00:00;0;19,88;29,9;14,6;73,88;1,06;SEM_CHUVA;OUTONO;BRISA_LEVE;MUITO_ALTA;SÁBADO;
2025-05-25 00:00:00;0;20,48;30,1;14,5;69,46;0,88;SEM_CHUVA;OUTONO;BRISA_LEVE;ALTA_UMIDADE;DOMINGO;
2025-05-26 00:00:00;0;19,9;28,4;13,6;71,83;0,8;SEM_CHUVA;OUTONO;BRISA_LEVE;MUITO_ALTA;SEGUNDA-FEIRA;
2025-05-27 00:00:00;0;19,68;28,8;13,4;74,96;0,82;SEM_CHUVA;OUTONO;BRISA_LEVE;MUITO_ALTA;TERÇA-FEIRA;
2025-05-28 00:00:00;1,8;19,03;24;17;82,67;0,84;CHUVA_FRACA;OUTONO;BRISA_LEVE;MUITO_ALTA;QUARTA-FEIRA;
2025-05-29 00:00:00;0,6;14,5;17,7;11,1;84,71;1,13;CHUVA_FRACA;OUTONO;BRISA_LEVE;MUITO_ALTA;QUINTA-FEIRA;
2025-05-30 00:00:00;0,2;13,7;23,5;6,5;78,21;0,72;CHUVA_FRACA;OUTONO;BRISA_LEVE;MUITO_ALTA;SEXTA-FEIRA;
2025-05-31 00:00:00;0;16,1;27,6;7,9;74,83;0,7;SEM_CHUVA;OUTONO;BRISA_LEVE;MUITO_ALTA;SÁBADO;
2025-06-01 00:00:00;0;17,63;29,6;9,5;72,38;0,73;SEM_CHUVA;OUTONO;BRISA_LEVE;MUITO_ALTA;DOMINGO;
2025-06-02 00:00:00;0;20,09;29,8;13;67,67;1,07;SEM_CHUVA;OUTONO;BRISA_LEVE;ALTA_UMIDADE;SEGUNDA-FEIRA;
2025-06-03 00:00:00;21,6;20,45;25,9;16,5;81,58;1,25;CHUVA_FORTE;OUTONO;BRISA_LEVE;MUITO_ALTA;TERÇA-FEIRA;
2025-06-04 00:00:00;0;19,88;29,4;13,6;79,62;0,9;SEM_CHUVA;OUTONO;BRISA_LEVE;MUITO_ALTA;QUARTA-FEIRA;
2025-06-05 00:00:00;0;21,3;29,6;15,4;79,29;0,87;SEM_CHUVA;OUTONO;BRISA_LEVE;MUITO_ALTA;QUINTA-FEIRA;
2025-06-06 00:00:00;0;21,82;29,8;15,9;76,25;0,85;SEM_CHUVA;OUTONO;BRISA_LEVE;MUITO_ALTA;SEXTA-FEIRA;
2025-06-07 00:00:00;0,2;21,45;30;15,9;78,29;0,85;CHUVA_FRACA;OUTONO;BRISA_LEVE;MUITO_ALTA;SÁBADO;
2025-06-08 00:00:00;0;21,72;30,5;15,6;74,38;0,96;SEM_CHUVA;OUTONO;BRISA_LEVE;MUITO_ALTA;DOMINGO;
2025-06-09 00:00:00;1,2;19,15;24,4;15,4;87,92;0,82;CHUVA_FRACA;OUTONO;BRISA_LEVE;MUITO_ALTA;SEGUNDA-FEIRA;
2025-06-10 00:00:00;0,2;17,76;23,6;14,9;90,62;0,64;CHUVA_FRACA;OUTONO;BRISA_LEVE;MUITO_ALTA;TERÇA-FEIRA;
2025-06-11 00:00:00;0,2;15,98;23,5;11,2;80,17;0,85;CHUVA_FRACA;OUTONO;BRISA_LEVE;MUITO_ALTA;QUARTA-FEIRA;
2025-06-12 00:00:00;0;14,83;23,5;8,1;71,21;1,53;SEM_CHUVA;OUTONO;BRISA_FRACA;MUITO_ALTA;QUINTA-FEIRA;
2025-06-13 00:00:00;0;16,15;26,2;8,9;70,08;1,3;SEM_CHUVA;OUTONO;BRISA_LEVE;MUITO_ALTA;SEXTA-FEIRA;
2025-06-14 00:00:00;0;17,38;27,1;10,5;71,58;1,13;SEM_CHUVA;OUTONO;BRISA_LEVE;MUITO_ALTA;SÁBADO;
2025-06-15 00:00:00;0;17,66;24,7;12,9;73,33;0,81;SEM_CHUVA;OUTONO;BRISA_LEVE;MUITO_ALTA;DOMINGO;
2025-06-16 00:00:00;0;18,64;28,1;12,4;74,5;0,78;SEM_CHUVA;OUTONO;BRISA_LEVE;MUITO_ALTA;SEGUNDA-FEIRA;
2025-06-17 00:00:00;0;18,07;27,3;11,5;74,21;0,85;SEM_CHUVA;OUTONO;BRISA_LEVE;MUITO_ALTA;TERÇA-FEIRA;
2025-06-18 00:00:00;0,2;17,65;28,3;9,9;72,25;0,78;CHUVA_FRACA;OUTONO;BRISA_LEVE;MUITO_ALTA;QUARTA-FEIRA;
2025-06-19 00:00:00;0;18,65;28,3;11,8;71,58;0,75;SEM_CHUVA;OUTONO;BRISA_LEVE;MUITO_ALTA;QUINTA-FEIRA;
2025-06-20 00:00:00;0;19,52;29,1;12,7;67,04;0,8;SEM_CHUVA;OUTONO;BRISA_LEVE;ALTA_UMIDADE;SEXTA-FEIRA;
2025-06-21 00:00:00;0;19,3;29,4;12,1;68,29;0,71;SEM_CHUVA;INVERNO;BRISA_LEVE;ALTA_UMIDADE;SÁBADO;
2025-06-22 00:00:00;0;20,13;29,5;13,7;67,83;0,9;SEM_CHUVA;INVERNO;BRISA_LEVE;ALTA_UMIDADE;DOMINGO;
2025-06-23 00:00:00;2;19,51;30,3;15,5;75;1,37;CHUVA_FRACA;INVERNO;BRISA_LEVE;MUITO_ALTA;SEGUNDA-FEIRA;
2025-06-24 00:00:00;1,4;15,06;18,5;8,6;72,71;1,45;CHUVA_FRACA;INVERNO;BRISA_LEVE;MUITO_ALTA;TERÇA-FEIRA;
2025-06-25 00:00:00;0;12,04;26,7;1,8;73,62;0,84;SEM_CHUVA;INVERNO;BRISA_LEVE;MUITO_ALTA;QUARTA-FEIRA;
2025-06-26 00:00:00;0;20,09;30,9;11,6;68,29;0,9;SEM_CHUVA;INVERNO;BRISA_LEVE;ALTA_UMIDADE;QUINTA-FEIRA;
2025-06-27 00:00:00;0;21,72;29,6;15,1;67,42;0,76;SEM_CHUVA;INVERNO;BRISA_LEVE;ALTA_UMIDADE;SEXTA-FEIRA;
2025-06-28 00:00:00;0;21,42;30,9;15;67,25;0,98;SEM_CHUVA;INVERNO;BRISA_LEVE;ALTA_UMIDADE;SÁBADO;
2025-06-29 00:00:00;0;21,31;30,4;13,8;63,21;1,06;SEM_CHUVA;INVERNO;BRISA_LEVE;ALTA_UMIDADE;DOMINGO;
2025-06-30 00:00:00;0;20,45;30,3;12;66,96;0,75;SEM_CHUVA;INVERNO;BRISA_LEVE;ALTA_UMIDADE;SEGUNDA-FEIRA;
2025-07-01 00:00:00;0;20,34;26,3;16,9;80,96;1,07;SEM_CHUVA;INVERNO;BRISA_LEVE;MUITO_ALTA;TERÇA-FEIRA;
2025-07-02 00:00:00;0;19,39;28,4;13,2;70,08;1,08;SEM_CHUVA;INVERNO;BRISA_LEVE;MUITO_ALTA;QUARTA-FEIRA;
2025-07-03 00:00:00;0;18,51;26,9;12,1;69,54;1,3;SEM_CHUVA;INVERNO;BRISA_LEVE;ALTA_UMIDADE;QUINTA-FEIRA;
2025-07-04 00:00:00;0;18,19;26,8;12;69,58;1,61;SEM_CHUVA;INVERNO;BRISA_FRACA;ALTA_UMIDADE;SEXTA-FEIRA;
2025-07-05 00:00:00;0;17,8;26,6;11,5;69,42;1,03;SEM_CHUVA;INVERNO;BRISA_LEVE;ALTA_UMIDADE;SÁBADO;
2025-07-06 00:00:00;0;17,22;26,3;10,8;66,42;0,88;SEM_CHUVA;INVERNO;BRISA_LEVE;ALTA_UMIDADE;DOMINGO;
2025-07-07 00:00:00;0;17,82;27,7;10,6;64,04;1,08;SEM_CHUVA;INVERNO;BRISA_LEVE;ALTA_UMIDADE;SEGUNDA-FEIRA;
2025-07-08 00:00:00;0;17,94;27,2;10,4;64,71;0,83;SEM_CHUVA;INVERNO;BRISA_LEVE;ALTA_UMIDADE;TERÇA-FEIRA;
2025-07-09 00:00:00;0;18,18;26,9;11;64,83;0,99;SEM_CHUVA;INVERNO;BRISA_LEVE;ALTA_UMIDADE;QUARTA-FEIRA;
2025-07-10 00:00:00;0;18,43;27,6;11,4;59;1,13;SEM_CHUVA;INVERNO;BRISA_LEVE;CONFORTAVEL;QUINTA-FEIRA;
2025-07-11 00:00:00;0;18,36;28,7;10,6;62,75;0,79;SEM_CHUVA;INVERNO;BRISA_LEVE;ALTA_UMIDADE;SEXTA-FEIRA;
2025-07-12 00:00:00;0;19,41;25,9;12,8;59,54;0,87;SEM_CHUVA;INVERNO;BRISA_LEVE;CONFORTAVEL;SÁBADO;
2025-07-13 00:00:00;0;20,24;26,7;16;64;1,09;SEM_CHUVA;INVERNO;BRISA_LEVE;ALTA_UMIDADE;DOMINGO;
2025-07-14 00:00:00;0;20,62;27,5;15,8;58,83;0,83;SEM_CHUVA;INVERNO;BRISA_LEVE;CONFORTAVEL;SEGUNDA-FEIRA;
2025-07-15 00:00:00;0;19,39;27,4;12,4;54,83;1,09;SEM_CHUVA;INVERNO;BRISA_LEVE;CONFORTAVEL;TERÇA-FEIRA;
2025-07-16 00:00:00;0;18,2;27,9;9,7;57;0,9;SEM_CHUVA;INVERNO;BRISA_LEVE;CONFORTAVEL;QUARTA-FEIRA;
2025-07-17 00:00:00;0;18,49;28,6;11,3;55,62;1,01;SEM_CHUVA;INVERNO;BRISA_LEVE;CONFORTAVEL;QUINTA-FEIRA;
2025-07-18 00:00:00;0;18,4;28;10,3;61,33;0,79;SEM_CHUVA;INVERNO;BRISA_LEVE;ALTA_UMIDADE;SEXTA-FEIRA;
2025-07-19 00:00:00;0;18,67;28,1;9,3;58,38;0,8;SEM_CHUVA;INVERNO;BRISA_LEVE;CONFORTAVEL;SÁBADO;
2025-07-20 00:00:00;0;19,15;28,8;11,6;53,62;0,85;SEM_CHUVA;INVERNO;BRISA_LEVE;CONFORTAVEL;DOMINGO;
2025-07-21 00:00:00;0;19,94;29,7;12,2;57,88;0,94;SEM_CHUVA;INVERNO;BRISA_LEVE;CONFORTAVEL;SEGUNDA-FEIRA;
2025-07-22 00:00:00;0;20,25;30,1;12;58,75;0,83;SEM_CHUVA;INVERNO;BRISA_LEVE;CONFORTAVEL;TERÇA-FEIRA;
2025-07-23 00:00:00;0;20,8;30,5;11,7;56,21;0,84;SEM_CHUVA;INVERNO;BRISA_LEVE;CONFORTAVEL;QUARTA-FEIRA;
2025-07-24 00:00:00;0;20,79;30,9;12,9;51,46;1,06;SEM_CHUVA;INVERNO;BRISA_LEVE;CONFORTAVEL;QUINTA-FEIRA;
2025-07-25 00:00:00;0;21,58;31,2;14,2;56,25;1,51;SEM_CHUVA;INVERNO;BRISA_FRACA;CONFORTAVEL;SEXTA-FEIRA;
2025-07-26 00:00:00;0;20,43;30,9;13,2;63,62;1,11;SEM_CHUVA;INVERNO;BRISA_LEVE;ALTA_UMIDADE;SÁBADO;
2025-07-27 00:00:00;0;21,73;33;12,5;52,92;0,79;SEM_CHUVA;INVERNO;BRISA_LEVE;CONFORTAVEL;DOMINGO;
2025-07-28 00:00:00;3,2;19,69;23,6;17,2;66,21;1,01;CHUVA_MEDIA;INVERNO;BRISA_LEVE;ALTA_UMIDADE;SEGUNDA-FEIRA;
2025-07-29 00:00:00;2,4;16,18;22,5;10,8;76,21;1,11;CHUVA_FRACA;INVERNO;BRISA_LEVE;MUITO_ALTA;TERÇA-FEIRA;
2025-07-30 00:00:00;0,2;14,5;24,6;5,4;59,12;0,94;CHUVA_FRACA;INVERNO;BRISA_LEVE;CONFORTAVEL;QUARTA-FEIRA;
2025-07-31 00:00:00;0;16,78;29;7,7;46,75;1,19;SEM_CHUVA;INVERNO;BRISA_LEVE;CONFORTAVEL;QUINTA-FEIRA;
2025-08-01 00:00:00;0;19,75;31,3;10,8;48,79;1,14;SEM_CHUVA;INVERNO;BRISA_LEVE;CONFORTAVEL;SEXTA-FEIRA;
2025-08-02 00:00:00;0;20,05;29,9;11,2;52,58;0,92;SEM_CHUVA;INVERNO;BRISA_LEVE;CONFORTAVEL;SÁBADO;
2025-08-03 00:00:00;0;18,57;29,4;8,8;51,75;0,88;SEM_CHUVA;INVERNO;BRISA_LEVE;CONFORTAVEL;DOMINGO;
2025-08-04 00:00:00;0;18,32;28,1;10;50,21;0,8;SEM_CHUVA;INVERNO;BRISA_LEVE;CONFORTAVEL;SEGUNDA-FEIRA;
2025-08-05 00:00:00;1,2;18,63;23,4;16,1;58,92;0,99;CHUVA_FRACA;INVERNO;BRISA_LEVE;CONFORTAVEL;TERÇA-FEIRA;
2025-08-06 00:00:00;0,6;18,8;28;12,1;68,46;1,26;CHUVA_FRACA;INVERNO;BRISA_LEVE;ALTA_UMIDADE;QUARTA-FEIRA;
2025-08-07 00:00:00;0;20,71;30,1;12,7;56,54;1,2;SEM_CHUVA;INVERNO;BRISA_LEVE;CONFORTAVEL;QUINTA-FEIRA;
2025-08-08 00:00:00;0;21,84;31,2;14,3;54,38;1,31;SEM_CHUVA;INVERNO;BRISA_LEVE;CONFORTAVEL;SEXTA-FEIRA;
2025-08-09 00:00:00;0;17,98;23,5;12,2;59,79;1,63;SEM_CHUVA;INVERNO;BRISA_FRACA;CONFORTAVEL;SÁBADO;
2025-08-10 00:00:00;0;14,21;24;5;42,46;0,98;SEM_CHUVA;INVERNO;BRISA_LEVE;CONFORTAVEL;DOMINGO;
2025-08-11 00:00:00;0;14,78;24,5;6,7;52,25;1,11;SEM_CHUVA;INVERNO;BRISA_LEVE;CONFORTAVEL;SEGUNDA-FEIRA;
2025-08-12 00:00:00;0;16,07;25,8;7,7;48,38;1,03;SEM_CHUVA;INVERNO;BRISA_LEVE;CONFORTAVEL;TERÇA-FEIRA;
2025-08-13 00:00:00;0;17,74;30,1;7,2;44,29;0,98;SEM_CHUVA;INVERNO;BRISA_LEVE;CONFORTAVEL;QUARTA-FEIRA;
2025-08-14 00:00:00;0;20,34;31,9;9,8;38,17;0,89;SEM_CHUVA;INVERNO;BRISA_LEVE;SECA_MODERADA;QUINTA-FEIRA;
2025-08-15 00:00:00;0;20,92;31,5;11,3;47,12;1,36;SEM_CHUVA;INVERNO;BRISA_LEVE;CONFORTAVEL;SEXTA-FEIRA;
2025-08-16 00:00:00;0;22,4;32,2;13,3;48,54;1,18;SEM_CHUVA;INVERNO;BRISA_LEVE;CONFORTAVEL;SÁBADO;
2025-08-17 00:00:00;0;22,77;32,3;14,5;49;1;SEM_CHUVA;INVERNO;BRISA_LEVE;CONFORTAVEL;DOMINGO;
2025-08-18 00:00:00;0;22,74;33;12,8;46,79;1,05;SEM_CHUVA;INVERNO;BRISA_LEVE;CONFORTAVEL;SEGUNDA-FEIRA;
2025-08-19 00:00:00;0;23;33,5;14;41,29;1,15;SEM_CHUVA;INVERNO;BRISA_LEVE;CONFORTAVEL;TERÇA-FEIRA;
2025-08-20 00:00:00;0;24,49;33,5;16,2;42;1,19;SEM_CHUVA;INVERNO;BRISA_LEVE;CONFORTAVEL;QUARTA-FEIRA;
2025-08-21 00:00:00;0;25,47;34,2;17,7;45,79;1,13;SEM_CHUVA;INVERNO;BRISA_LEVE;CONFORTAVEL;QUINTA-FEIRA;
2025-08-22 00:00:00;0;25,34;34,7;16,5;38,54;0,88;SEM_CHUVA;INVERNO;BRISA_LEVE;SECA_MODERADA;SEXTA-FEIRA;
2025-08-23 00:00:00;0;24,89;34,1;15,3;33,29;1,12;SEM_CHUVA;INVERNO;BRISA_LEVE;SECA_MODERADA;SÁBADO;
2025-08-24 00:00:00;0;23,88;34,8;14,4;39,83;0,88;SEM_CHUVA;INVERNO;BRISA_LEVE;SECA_MODERADA;DOMINGO;
2025-08-25 00:00:00;0;23,51;32,2;15;49,29;1,06;SEM_CHUVA;INVERNO;BRISA_LEVE;CONFORTAVEL;SEGUNDA-FEIRA;
2025-08-26 00:00:00;0;24,52;33,6;16,3;50,62;1,18;SEM_CHUVA;INVERNO;BRISA_LEVE;CONFORTAVEL;TERÇA-FEIRA;
2025-08-27 00:00:00;0;24,61;33,4;17;50,5;1,46;SEM_CHUVA;INVERNO;BRISA_LEVE;CONFORTAVEL;QUARTA-FEIRA;
2025-08-28 00:00:00;0,4;24,2;32,9;16,2;49,38;1,23;CHUVA_FRACA;INVERNO;BRISA_LEVE;CONFORTAVEL;QUINTA-FEIRA;
2025-08-29 00:00:00;1;20,76;27,3;15,8;72,29;1,39;CHUVA_FRACA;INVERNO;BRISA_LEVE;MUITO_ALTA;SEXTA-FEIRA;
2025-08-30 00:00:00;0,2;20,97;30,4;13,8;63,71;1,25;CHUVA_FRACA;INVERNO;BRISA_LEVE;ALTA_UMIDADE;SÁBADO;
2025-08-31 00:00:00;0,2;21,79;32;13,7;54,79;1,17;CHUVA_FRACA;INVERNO;BRISA_LEVE;CONFORTAVEL;DOMINGO;
